HITId	WorkerId	Input.src	Input.trg	Input.item	sys_id	rid	type	sid	score	time
30UZJB2POHCLV405BH70BL0ACYW35Q	AEZAKCWE99YVJ	en	pl	ad	trans.pl	425	cal	11	-1.58159390363911	1683
30UZJB2POHCLV405BH70BL0ACYW35Q	AEZAKCWE99YVJ	en	pl	ad	trans.pl	109	system	142	-0.351914756052691	1683
30UZJB2POHCLV405BH70BL0ACYW35Q	AEZAKCWE99YVJ	en	pl	ad	trans.pl	297	system	140	0.715964503693406	1683
30UZJB2POHCLV405BH70BL0ACYW35Q	AEZAKCWE99YVJ	en	pl	ad	trans.pl	168	system	295	-0.222474845780437	1683
30UZJB2POHCLV405BH70BL0ACYW35Q	AEZAKCWE99YVJ	en	pl	ad	trans.pl	451	system	235	0.360004750444707	1683
30UZJB2POHCLV405BH70BL0ACYW35Q	AEZAKCWE99YVJ	en	pl	ad	trans.pl	328	system	335	-0.902034374709771	1683
30UZJB2POHCLV405BH70BL0ACYW35Q	AEZAKCWE99YVJ	en	pl	ad	trans.pl	103	system	86	-0.804954442005581	1683
30UZJB2POHCLV405BH70BL0ACYW35Q	AEZAKCWE99YVJ	en	pl	ad	trans.pl	34	repeat	19	-1.58159390363911	1683
30UZJB2POHCLV405BH70BL0ACYW35Q	AEZAKCWE99YVJ	en	pl	ad	trans.pl	611	ref	337	1.65440385316725	1683
30UZJB2POHCLV405BH70BL0ACYW35Q	AEZAKCWE99YVJ	en	pl	ad	trans.pl	507	system	35	1.4278840101908	1683
30UZJB2POHCLV405BH70BL0ACYW35Q	AEZAKCWE99YVJ	en	pl	ad	trans.pl	93	cal	10	-0.804954442005581	1683
30UZJB2POHCLV405BH70BL0ACYW35Q	AEZAKCWE99YVJ	en	pl	ad	trans.pl	549	system	27	0.29528479530858	1683
30UZJB2POHCLV405BH70BL0ACYW35Q	AEZAKCWE99YVJ	en	pl	ad	trans.pl	489	system	61	-0.578434599029136	1683
30UZJB2POHCLV405BH70BL0ACYW35Q	AEZAKCWE99YVJ	en	pl	ad	trans.pl	646	system	143	-0.869674397141708	1683
30UZJB2POHCLV405BH70BL0ACYW35Q	AEZAKCWE99YVJ	en	pl	ad	trans.pl	183	system	189	-0.222474845780437	1683
30UZJB2POHCLV405BH70BL0ACYW35Q	AEZAKCWE99YVJ	en	pl	ad	trans.pl	128	ref	246	1.65440385316725	1683
30UZJB2POHCLV405BH70BL0ACYW35Q	AEZAKCWE99YVJ	en	pl	ad	trans.pl	150	system	17	-0.804954442005581	1683
30UZJB2POHCLV405BH70BL0ACYW35Q	AEZAKCWE99YVJ	en	pl	ad	trans.pl	564	system	204	-0.384274733620755	1683
30UZJB2POHCLV405BH70BL0ACYW35Q	AEZAKCWE99YVJ	en	pl	ad	trans.pl	453	system	180	-0.448994688756882	1683
30UZJB2POHCLV405BH70BL0ACYW35Q	AEZAKCWE99YVJ	en	pl	ad	trans.pl	322	repeat	178	-0.319554778484628	1683
30UZJB2POHCLV405BH70BL0ACYW35Q	AEZAKCWE99YVJ	en	pl	ad	trans.pl	462	system	219	0.165844885036326	1683
30UZJB2POHCLV405BH70BL0ACYW35Q	AEZAKCWE99YVJ	en	pl	ad	trans.pl	312	system	216	0.230564840172453	1683
30UZJB2POHCLV405BH70BL0ACYW35Q	AEZAKCWE99YVJ	en	pl	ad	trans.pl	486	system	154	1.1690041896463	1683
30UZJB2POHCLV405BH70BL0ACYW35Q	AEZAKCWE99YVJ	en	pl	ad	trans.pl	686	system	284	0.133484907468262	1683
30UZJB2POHCLV405BH70BL0ACYW35Q	AEZAKCWE99YVJ	en	pl	ad	trans.pl	185	system	159	-1.12855421768622	1683
30UZJB2POHCLV405BH70BL0ACYW35Q	AEZAKCWE99YVJ	en	pl	ad	trans.pl	275	system	7	-0.351914756052691	1683
30UZJB2POHCLV405BH70BL0ACYW35Q	AEZAKCWE99YVJ	en	pl	ad	trans.pl	653	system	76	-0.15775489064431	1683
30UZJB2POHCLV405BH70BL0ACYW35Q	AEZAKCWE99YVJ	en	pl	ad	trans.pl	391	ref	317	1.65440385316725	1683
30UZJB2POHCLV405BH70BL0ACYW35Q	AEZAKCWE99YVJ	en	pl	ad	trans.pl	291	repeat	275	1.65440385316725	1683
30UZJB2POHCLV405BH70BL0ACYW35Q	AEZAKCWE99YVJ	en	pl	ad	trans.pl	77	cal	99	-0.675514531733327	1683
30UZJB2POHCLV405BH70BL0ACYW35Q	AEZAKCWE99YVJ	en	pl	ad	trans.pl	341	system	102	-0.448994688756882	1683
30UZJB2POHCLV405BH70BL0ACYW35Q	AEZAKCWE99YVJ	en	pl	ad	trans.pl	456	ref	127	1.65440385316725	1683
30UZJB2POHCLV405BH70BL0ACYW35Q	AEZAKCWE99YVJ	en	pl	ad	trans.pl	221	system	39	-1.03147428498203	1683
30UZJB2POHCLV405BH70BL0ACYW35Q	AEZAKCWE99YVJ	en	pl	ad	trans.pl	97	system	32	0.554164615853088	1683
30UZJB2POHCLV405BH70BL0ACYW35Q	AEZAKCWE99YVJ	en	pl	ad	trans.pl	651	system	324	0.101124929900199	1683
30UZJB2POHCLV405BH70BL0ACYW35Q	AEZAKCWE99YVJ	en	pl	ad	trans.pl	364	system	79	-0.15775489064431	1683
30UZJB2POHCLV405BH70BL0ACYW35Q	AEZAKCWE99YVJ	en	pl	ad	trans.pl	35	system	122	-0.287194800916564	1683
30UZJB2POHCLV405BH70BL0ACYW35Q	AEZAKCWE99YVJ	en	pl	ad	trans.pl	689	repeat	333	-0.190114868212373	1683
30UZJB2POHCLV405BH70BL0ACYW35Q	AEZAKCWE99YVJ	en	pl	ad	trans.pl	216	system	238	-0.481354666324945	1683
30UZJB2POHCLV405BH70BL0ACYW35Q	AEZAKCWE99YVJ	en	pl	ad	trans.pl	571	cal	303	-0.190114868212373	1683
30UZJB2POHCLV405BH70BL0ACYW35Q	AEZAKCWE99YVJ	en	pl	ad	trans.pl	169	system	148	0.521804638285025	1683
30UZJB2POHCLV405BH70BL0ACYW35Q	AEZAKCWE99YVJ	en	pl	ad	trans.pl	112	system	21	-1.48451397093492	1683
30UZJB2POHCLV405BH70BL0ACYW35Q	AEZAKCWE99YVJ	en	pl	ad	trans.pl	187	system	197	0.230564840172453	1683
30UZJB2POHCLV405BH70BL0ACYW35Q	AEZAKCWE99YVJ	en	pl	ad	trans.pl	574	cal	266	-1.51687394850298	1683
30UZJB2POHCLV405BH70BL0ACYW35Q	AEZAKCWE99YVJ	en	pl	ad	trans.pl	562	system	173	0.230564840172453	1683
30UZJB2POHCLV405BH70BL0ACYW35Q	AEZAKCWE99YVJ	en	pl	ad	trans.pl	157	system	289	0.392364728012771	1683
30UZJB2POHCLV405BH70BL0ACYW35Q	AEZAKCWE99YVJ	en	pl	ad	trans.pl	458	system	202	0.165844885036326	1683
30UZJB2POHCLV405BH70BL0ACYW35Q	AEZAKCWE99YVJ	en	pl	ad	trans.pl	463	repeat	33	-0.125394913076246	1683
30UZJB2POHCLV405BH70BL0ACYW35Q	AEZAKCWE99YVJ	en	pl	ad	trans.pl	114	ref	255	1.65440385316725	1683
30UZJB2POHCLV405BH70BL0ACYW35Q	AEZAKCWE99YVJ	en	pl	ad	trans.pl	384	system	206	0.29528479530858	1683
30UZJB2POHCLV405BH70BL0ACYW35Q	AEZAKCWE99YVJ	en	pl	ad	trans.pl	62	ref	35	1.65440385316725	1683
30UZJB2POHCLV405BH70BL0ACYW35Q	AEZAKCWE99YVJ	en	pl	ad	trans.pl	358	system	269	-0.287194800916564	1683
30UZJB2POHCLV405BH70BL0ACYW35Q	AEZAKCWE99YVJ	en	pl	ad	trans.pl	394	system	11	-1.22563415039041	1683
30UZJB2POHCLV405BH70BL0ACYW35Q	AEZAKCWE99YVJ	en	pl	ad	trans.pl	39	system	337	-0.999114307413962	1683
30UZJB2POHCLV405BH70BL0ACYW35Q	AEZAKCWE99YVJ	en	pl	ad	trans.pl	519	system	322	-0.125394913076246	1683
30UZJB2POHCLV405BH70BL0ACYW35Q	AEZAKCWE99YVJ	en	pl	ad	trans.pl	206	cal	140	-0.2548348233485	1683
30UZJB2POHCLV405BH70BL0ACYW35Q	AEZAKCWE99YVJ	en	pl	ad	trans.pl	138	system	2	0.84540441396566	1683
30UZJB2POHCLV405BH70BL0ACYW35Q	AEZAKCWE99YVJ	en	pl	ad	trans.pl	370	repeat	295	-0.643154554165263	1683
30UZJB2POHCLV405BH70BL0ACYW35Q	AEZAKCWE99YVJ	en	pl	ad	trans.pl	369	system	145	-0.319554778484628	1683
30UZJB2POHCLV405BH70BL0ACYW35Q	AEZAKCWE99YVJ	en	pl	ad	trans.pl	199	system	19	-1.22563415039041	1683
30UZJB2POHCLV405BH70BL0ACYW35Q	AEZAKCWE99YVJ	en	pl	ad	trans.pl	354	system	51	1.13664421207823	1683
30UZJB2POHCLV405BH70BL0ACYW35Q	AEZAKCWE99YVJ	en	pl	ad	trans.pl	46	system	10	0.198204862604389	1683
30UZJB2POHCLV405BH70BL0ACYW35Q	AEZAKCWE99YVJ	en	pl	ad	trans.pl	344	system	246	-0.804954442005581	1683
30UZJB2POHCLV405BH70BL0ACYW35Q	AEZAKCWE99YVJ	en	pl	ad	trans.pl	14	cal	27	0.133484907468262	1683
30UZJB2POHCLV405BH70BL0ACYW35Q	AEZAKCWE99YVJ	en	pl	ad	trans.pl	477	ref	180	1.65440385316725	1683
30UZJB2POHCLV405BH70BL0ACYW35Q	AEZAKCWE99YVJ	en	pl	ad	trans.pl	390	system	265	0.165844885036326	1683
30UZJB2POHCLV405BH70BL0ACYW35Q	AEZAKCWE99YVJ	en	pl	ad	trans.pl	69	repeat	61	-0.513714643893009	1683
30UZJB2POHCLV405BH70BL0ACYW35Q	AEZAKCWE99YVJ	en	pl	ad	trans.pl	666	system	240	0.165844885036326	1683
30UZJB2POHCLV405BH70BL0ACYW35Q	AEZAKCWE99YVJ	en	pl	ad	trans.pl	82	system	330	1.26608412235049	1683
30UZJB2POHCLV405BH70BL0ACYW35Q	AEZAKCWE99YVJ	en	pl	ad	trans.pl	406	system	178	0.360004750444707	1683
30UZJB2POHCLV405BH70BL0ACYW35Q	AEZAKCWE99YVJ	en	pl	ad	trans.pl	508	system	332	0.521804638285025	1683
30UZJB2POHCLV405BH70BL0ACYW35Q	AEZAKCWE99YVJ	en	pl	ad	trans.pl	472	system	275	1.55732392046306	1683
30UZJB2POHCLV405BH70BL0ACYW35Q	AEZAKCWE99YVJ	en	pl	ad	trans.pl	40	system	317	0.618884570989215	1683
30UZJB2POHCLV405BH70BL0ACYW35Q	AEZAKCWE99YVJ	en	pl	ad	trans.pl	513	system	296	0.198204862604389	1683
30UZJB2POHCLV405BH70BL0ACYW35Q	AEZAKCWE99YVJ	en	pl	ad	trans.pl	521	repeat	219	-0.384274733620755	1683
30UZJB2POHCLV405BH70BL0ACYW35Q	AEZAKCWE99YVJ	en	pl	ad	trans.pl	79	system	99	-1.29035410552653	1683
30UZJB2POHCLV405BH70BL0ACYW35Q	AEZAKCWE99YVJ	en	pl	ad	trans.pl	371	system	31	-0.351914756052691	1683
30UZJB2POHCLV405BH70BL0ACYW35Q	AEZAKCWE99YVJ	en	pl	ad	trans.pl	331	ref	159	1.65440385316725	1683
30UZJB2POHCLV405BH70BL0ACYW35Q	AEZAKCWE99YVJ	en	pl	ad	trans.pl	434	system	65	-0.448994688756882	1683
30UZJB2POHCLV405BH70BL0ACYW35Q	AEZAKCWE99YVJ	en	pl	ad	trans.pl	192	cal	7	-0.319554778484628	1683
30UZJB2POHCLV405BH70BL0ACYW35Q	AEZAKCWE99YVJ	en	pl	ad	trans.pl	173	system	333	-0.384274733620755	1683
30UZJB2POHCLV405BH70BL0ACYW35Q	AEZAKCWE99YVJ	en	pl	ad	trans.pl	19	cal	324	-0.0606749579401192	1683
30UZJB2POHCLV405BH70BL0ACYW35Q	AEZAKCWE99YVJ	en	pl	ad	trans.pl	359	system	205	1.65440385316725	1683
30UZJB2POHCLV405BH70BL0ACYW35Q	AEZAKCWE99YVJ	en	pl	ad	trans.pl	423	system	303	0.230564840172453	1683
30UZJB2POHCLV405BH70BL0ACYW35Q	AEZAKCWE99YVJ	en	pl	ad	trans.pl	83	system	127	0.813044436397597	1683
30UZJB2POHCLV405BH70BL0ACYW35Q	AEZAKCWE99YVJ	en	pl	ad	trans.pl	81	system	210	0.877764391533724	1683
30UZJB2POHCLV405BH70BL0ACYW35Q	AEZAKCWE99YVJ	en	pl	ad	trans.pl	387	ref	39	1.65440385316725	1683
30UZJB2POHCLV405BH70BL0ACYW35Q	AEZAKCWE99YVJ	en	pl	ad	trans.pl	101	repeat	238	-0.125394913076246	1683
30UZJB2POHCLV405BH70BL0ACYW35Q	AEZAKCWE99YVJ	en	pl	ad	trans.pl	239	system	66	0.230564840172453	1683
30UZJB2POHCLV405BH70BL0ACYW35Q	AEZAKCWE99YVJ	en	pl	ad	trans.pl	580	system	225	0.554164615853088	1683
30UZJB2POHCLV405BH70BL0ACYW35Q	AEZAKCWE99YVJ	en	pl	ad	trans.pl	45	system	4	0.198204862604389	1683
30UZJB2POHCLV405BH70BL0ACYW35Q	AEZAKCWE99YVJ	en	pl	ad	trans.pl	361	system	266	0.262924817740516	1683
30UZJB2POHCLV405BH70BL0ACYW35Q	AEZAKCWE99YVJ	en	pl	ad	trans.pl	336	system	114	-0.610794576597199	1683
30UZJB2POHCLV405BH70BL0ACYW35Q	AEZAKCWE99YVJ	en	pl	ad	trans.pl	402	system	33	0.068764952332135	1683
30UZJB2POHCLV405BH70BL0ACYW35Q	AEZAKCWE99YVJ	en	pl	ad	trans.pl	552	repeat	202	0.424724705580834	1683
30UZJB2POHCLV405BH70BL0ACYW35Q	AEZAKCWE99YVJ	en	pl	ad	trans.pl	617	system	60	0.262924817740516	1683
30UZJB2POHCLV405BH70BL0ACYW35Q	AEZAKCWE99YVJ	en	pl	ad	trans.pl	249	system	177	-0.190114868212373	1683
30UZJB2POHCLV405BH70BL0ACYW35Q	AEZAKCWE99YVJ	en	pl	ad	trans.pl	398	ref	206	1.65440385316725	1683
30UZJB2POHCLV405BH70BL0ACYW35Q	AEZAKCWE99YVJ	en	pl	ad	trans.pl	284	cal	21	-1.45215399336685	1683
30UZJB2POHCLV405BH70BL0ACYW35Q	AEZAKCWE99YVJ	en	pl	ad	trans.pl	217	system	255	0.877764391533724	1683
3E22YV8GG16WSIBYDF0TI53X8FONPC	A14BSSXMEM9PTD	en	pl	ad	trans.pl	24	system	160	0.96453758982173	3109
3E22YV8GG16WSIBYDF0TI53X8FONPC	A14BSSXMEM9PTD	en	pl	ad	trans.pl	252	system	228	-1.53340161033814	3109
3E22YV8GG16WSIBYDF0TI53X8FONPC	A14BSSXMEM9PTD	en	pl	ad	trans.pl	107	system	105	0.0985853337663092	3109
3E22YV8GG16WSIBYDF0TI53X8FONPC	A14BSSXMEM9PTD	en	pl	ad	trans.pl	222	system	109	0.864620021815335	3109
3E22YV8GG16WSIBYDF0TI53X8FONPC	A14BSSXMEM9PTD	en	pl	ad	trans.pl	53	system	326	0.165197045770572	3109
3E22YV8GG16WSIBYDF0TI53X8FONPC	A14BSSXMEM9PTD	en	pl	ad	trans.pl	675	ref	263	0.997843445823862	3109
3E22YV8GG16WSIBYDF0TI53X8FONPC	A14BSSXMEM9PTD	en	pl	ad	trans.pl	263	repeat	308	0.231808757774836	3109
3E22YV8GG16WSIBYDF0TI53X8FONPC	A14BSSXMEM9PTD	en	pl	ad	trans.pl	313	system	276	0.464949749789757	3109
3E22YV8GG16WSIBYDF0TI53X8FONPC	A14BSSXMEM9PTD	en	pl	ad	trans.pl	104	cal	23	0.131891189768441	3109
3E22YV8GG16WSIBYDF0TI53X8FONPC	A14BSSXMEM9PTD	en	pl	ad	trans.pl	589	system	8	0.165197045770572	3109
3E22YV8GG16WSIBYDF0TI53X8FONPC	A14BSSXMEM9PTD	en	pl	ad	trans.pl	340	system	13	-1.56670746634027	3109
3E22YV8GG16WSIBYDF0TI53X8FONPC	A14BSSXMEM9PTD	en	pl	ad	trans.pl	292	system	218	0.131891189768441	3109
3E22YV8GG16WSIBYDF0TI53X8FONPC	A14BSSXMEM9PTD	en	pl	ad	trans.pl	302	system	302	0.165197045770572	3109
3E22YV8GG16WSIBYDF0TI53X8FONPC	A14BSSXMEM9PTD	en	pl	ad	trans.pl	342	system	334	-0.267779082257138	3109
3E22YV8GG16WSIBYDF0TI53X8FONPC	A14BSSXMEM9PTD	en	pl	ad	trans.pl	669	repeat	199	0.564867317796151	3109
3E22YV8GG16WSIBYDF0TI53X8FONPC	A14BSSXMEM9PTD	en	pl	ad	trans.pl	490	cal	211	0.165197045770572	3109
3E22YV8GG16WSIBYDF0TI53X8FONPC	A14BSSXMEM9PTD	en	pl	ad	trans.pl	17	system	252	0.165197045770572	3109
3E22YV8GG16WSIBYDF0TI53X8FONPC	A14BSSXMEM9PTD	en	pl	ad	trans.pl	267	system	155	0.564867317796151	3109
3E22YV8GG16WSIBYDF0TI53X8FONPC	A14BSSXMEM9PTD	en	pl	ad	trans.pl	72	system	283	-2.3327421543893	3109
3E22YV8GG16WSIBYDF0TI53X8FONPC	A14BSSXMEM9PTD	en	pl	ad	trans.pl	42	ref	320	0.997843445823862	3109
3E22YV8GG16WSIBYDF0TI53X8FONPC	A14BSSXMEM9PTD	en	pl	ad	trans.pl	248	system	156	0.464949749789757	3109
3E22YV8GG16WSIBYDF0TI53X8FONPC	A14BSSXMEM9PTD	en	pl	ad	trans.pl	164	system	343	0.165197045770572	3109
3E22YV8GG16WSIBYDF0TI53X8FONPC	A14BSSXMEM9PTD	en	pl	ad	trans.pl	591	system	135	0.997843445823862	3109
3E22YV8GG16WSIBYDF0TI53X8FONPC	A14BSSXMEM9PTD	en	pl	ad	trans.pl	411	ref	256	0.997843445823862	3109
3E22YV8GG16WSIBYDF0TI53X8FONPC	A14BSSXMEM9PTD	en	pl	ad	trans.pl	380	repeat	118	0.431643893787625	3109
3E22YV8GG16WSIBYDF0TI53X8FONPC	A14BSSXMEM9PTD	en	pl	ad	trans.pl	125	system	71	-0.267779082257138	3109
3E22YV8GG16WSIBYDF0TI53X8FONPC	A14BSSXMEM9PTD	en	pl	ad	trans.pl	78	system	120	0.798008309811072	3109
3E22YV8GG16WSIBYDF0TI53X8FONPC	A14BSSXMEM9PTD	en	pl	ad	trans.pl	139	system	306	0.798008309811072	3109
3E22YV8GG16WSIBYDF0TI53X8FONPC	A14BSSXMEM9PTD	en	pl	ad	trans.pl	581	system	339	0.0652794777641777	3109
3E22YV8GG16WSIBYDF0TI53X8FONPC	A14BSSXMEM9PTD	en	pl	ad	trans.pl	661	cal	309	-1.86646017035945	3109
3E22YV8GG16WSIBYDF0TI53X8FONPC	A14BSSXMEM9PTD	en	pl	ad	trans.pl	518	system	83	0.165197045770572	3109
3E22YV8GG16WSIBYDF0TI53X8FONPC	A14BSSXMEM9PTD	en	pl	ad	trans.pl	691	repeat	201	0.864620021815335	3109
3E22YV8GG16WSIBYDF0TI53X8FONPC	A14BSSXMEM9PTD	en	pl	ad	trans.pl	144	ref	44	0.997843445823862	3109
3E22YV8GG16WSIBYDF0TI53X8FONPC	A14BSSXMEM9PTD	en	pl	ad	trans.pl	582	system	29	0.764702453808941	3109
3E22YV8GG16WSIBYDF0TI53X8FONPC	A14BSSXMEM9PTD	en	pl	ad	trans.pl	466	system	200	0.997843445823862	3109
3E22YV8GG16WSIBYDF0TI53X8FONPC	A14BSSXMEM9PTD	en	pl	ad	trans.pl	76	system	273	0.831314165813204	3109
3E22YV8GG16WSIBYDF0TI53X8FONPC	A14BSSXMEM9PTD	en	pl	ad	trans.pl	278	system	1	-1.89976602636159	3109
3E22YV8GG16WSIBYDF0TI53X8FONPC	A14BSSXMEM9PTD	en	pl	ad	trans.pl	426	system	281	0.131891189768441	3109
3E22YV8GG16WSIBYDF0TI53X8FONPC	A14BSSXMEM9PTD	en	pl	ad	trans.pl	265	cal	319	-2.3327421543893	3109
3E22YV8GG16WSIBYDF0TI53X8FONPC	A14BSSXMEM9PTD	en	pl	ad	trans.pl	96	system	70	0.598173173798283	3109
3E22YV8GG16WSIBYDF0TI53X8FONPC	A14BSSXMEM9PTD	en	pl	ad	trans.pl	151	system	146	0.464949749789757	3109
3E22YV8GG16WSIBYDF0TI53X8FONPC	A14BSSXMEM9PTD	en	pl	ad	trans.pl	493	repeat	311	0.131891189768441	3109
3E22YV8GG16WSIBYDF0TI53X8FONPC	A14BSSXMEM9PTD	en	pl	ad	trans.pl	532	system	245	0.53156146179402	3109
3E22YV8GG16WSIBYDF0TI53X8FONPC	A14BSSXMEM9PTD	en	pl	ad	trans.pl	162	system	198	0.764702453808941	3109
3E22YV8GG16WSIBYDF0TI53X8FONPC	A14BSSXMEM9PTD	en	pl	ad	trans.pl	449	system	137	-1.00050791430403	3109
3E22YV8GG16WSIBYDF0TI53X8FONPC	A14BSSXMEM9PTD	en	pl	ad	trans.pl	244	system	136	0.165197045770572	3109
3E22YV8GG16WSIBYDF0TI53X8FONPC	A14BSSXMEM9PTD	en	pl	ad	trans.pl	161	cal	247	-1.53340161033814	3109
3E22YV8GG16WSIBYDF0TI53X8FONPC	A14BSSXMEM9PTD	en	pl	ad	trans.pl	240	system	244	0.931231733819599	3109
3E22YV8GG16WSIBYDF0TI53X8FONPC	A14BSSXMEM9PTD	en	pl	ad	trans.pl	612	system	72	0.598173173798283	3109
3E22YV8GG16WSIBYDF0TI53X8FONPC	A14BSSXMEM9PTD	en	pl	ad	trans.pl	431	ref	259	0.997843445823862	3109
3E22YV8GG16WSIBYDF0TI53X8FONPC	A14BSSXMEM9PTD	en	pl	ad	trans.pl	534	system	329	0.564867317796151	3109
3E22YV8GG16WSIBYDF0TI53X8FONPC	A14BSSXMEM9PTD	en	pl	ad	trans.pl	616	system	263	-1.46678989833387	3109
3E22YV8GG16WSIBYDF0TI53X8FONPC	A14BSSXMEM9PTD	en	pl	ad	trans.pl	474	system	308	0.165197045770572	3109
3E22YV8GG16WSIBYDF0TI53X8FONPC	A14BSSXMEM9PTD	en	pl	ad	trans.pl	556	system	23	0.897925877817467	3109
3E22YV8GG16WSIBYDF0TI53X8FONPC	A14BSSXMEM9PTD	en	pl	ad	trans.pl	200	repeat	326	0.764702453808941	3109
3E22YV8GG16WSIBYDF0TI53X8FONPC	A14BSSXMEM9PTD	en	pl	ad	trans.pl	325	system	261	0.864620021815335	3109
3E22YV8GG16WSIBYDF0TI53X8FONPC	A14BSSXMEM9PTD	en	pl	ad	trans.pl	332	ref	228	0.997843445823862	3109
3E22YV8GG16WSIBYDF0TI53X8FONPC	A14BSSXMEM9PTD	en	pl	ad	trans.pl	648	system	67	0.564867317796151	3109
3E22YV8GG16WSIBYDF0TI53X8FONPC	A14BSSXMEM9PTD	en	pl	ad	trans.pl	158	cal	105	-2.29943629838716	3109
3E22YV8GG16WSIBYDF0TI53X8FONPC	A14BSSXMEM9PTD	en	pl	ad	trans.pl	480	system	103	-1.50009575433601	3109
3E22YV8GG16WSIBYDF0TI53X8FONPC	A14BSSXMEM9PTD	en	pl	ad	trans.pl	699	system	126	0.131891189768441	3109
3E22YV8GG16WSIBYDF0TI53X8FONPC	A14BSSXMEM9PTD	en	pl	ad	trans.pl	89	system	211	0.864620021815335	3109
3E22YV8GG16WSIBYDF0TI53X8FONPC	A14BSSXMEM9PTD	en	pl	ad	trans.pl	220	system	63	0.131891189768441	3109
3E22YV8GG16WSIBYDF0TI53X8FONPC	A14BSSXMEM9PTD	en	pl	ad	trans.pl	419	system	87	0.864620021815335	3109
3E22YV8GG16WSIBYDF0TI53X8FONPC	A14BSSXMEM9PTD	en	pl	ad	trans.pl	422	system	320	0.464949749789757	3109
3E22YV8GG16WSIBYDF0TI53X8FONPC	A14BSSXMEM9PTD	en	pl	ad	trans.pl	365	repeat	218	0.598173173798283	3109
3E22YV8GG16WSIBYDF0TI53X8FONPC	A14BSSXMEM9PTD	en	pl	ad	trans.pl	303	ref	302	0.997843445823862	3109
3E22YV8GG16WSIBYDF0TI53X8FONPC	A14BSSXMEM9PTD	en	pl	ad	trans.pl	87	system	151	0.997843445823862	3109
3E22YV8GG16WSIBYDF0TI53X8FONPC	A14BSSXMEM9PTD	en	pl	ad	trans.pl	111	system	199	0.53156146179402	3109
3E22YV8GG16WSIBYDF0TI53X8FONPC	A14BSSXMEM9PTD	en	pl	ad	trans.pl	57	cal	155	0.53156146179402	3109
3E22YV8GG16WSIBYDF0TI53X8FONPC	A14BSSXMEM9PTD	en	pl	ad	trans.pl	29	system	229	0.798008309811072	3109
3E22YV8GG16WSIBYDF0TI53X8FONPC	A14BSSXMEM9PTD	en	pl	ad	trans.pl	262	system	118	0.131891189768441	3109
3E22YV8GG16WSIBYDF0TI53X8FONPC	A14BSSXMEM9PTD	en	pl	ad	trans.pl	533	system	256	0.631479029800414	3109
3E22YV8GG16WSIBYDF0TI53X8FONPC	A14BSSXMEM9PTD	en	pl	ad	trans.pl	254	system	195	0.131891189768441	3109
3E22YV8GG16WSIBYDF0TI53X8FONPC	A14BSSXMEM9PTD	en	pl	ad	trans.pl	259	system	158	0.198502901772704	3109
3E22YV8GG16WSIBYDF0TI53X8FONPC	A14BSSXMEM9PTD	en	pl	ad	trans.pl	236	system	309	-1.53340161033814	3109
3E22YV8GG16WSIBYDF0TI53X8FONPC	A14BSSXMEM9PTD	en	pl	ad	trans.pl	67	repeat	339	0.131891189768441	3109
3E22YV8GG16WSIBYDF0TI53X8FONPC	A14BSSXMEM9PTD	en	pl	ad	trans.pl	491	cal	156	-2.09960116237437	3109
3E22YV8GG16WSIBYDF0TI53X8FONPC	A14BSSXMEM9PTD	en	pl	ad	trans.pl	304	ref	120	0.997843445823862	3109
3E22YV8GG16WSIBYDF0TI53X8FONPC	A14BSSXMEM9PTD	en	pl	ad	trans.pl	268	system	82	0.398338037785493	3109
3E22YV8GG16WSIBYDF0TI53X8FONPC	A14BSSXMEM9PTD	en	pl	ad	trans.pl	385	system	304	-0.134555658248612	3109
3E22YV8GG16WSIBYDF0TI53X8FONPC	A14BSSXMEM9PTD	en	pl	ad	trans.pl	634	system	298	0.598173173798283	3109
3E22YV8GG16WSIBYDF0TI53X8FONPC	A14BSSXMEM9PTD	en	pl	ad	trans.pl	242	system	319	-2.3327421543893	3109
3E22YV8GG16WSIBYDF0TI53X8FONPC	A14BSSXMEM9PTD	en	pl	ad	trans.pl	26	system	201	0.864620021815335	3109
3E22YV8GG16WSIBYDF0TI53X8FONPC	A14BSSXMEM9PTD	en	pl	ad	trans.pl	85	repeat	70	0.498255605791888	3109
3E22YV8GG16WSIBYDF0TI53X8FONPC	A14BSSXMEM9PTD	en	pl	ad	trans.pl	555	system	15	0.664784885802546	3109
3E22YV8GG16WSIBYDF0TI53X8FONPC	A14BSSXMEM9PTD	en	pl	ad	trans.pl	141	system	44	-0.167861514250743	3109
3E22YV8GG16WSIBYDF0TI53X8FONPC	A14BSSXMEM9PTD	en	pl	ad	trans.pl	226	cal	273	-1.89976602636159	3109
3E22YV8GG16WSIBYDF0TI53X8FONPC	A14BSSXMEM9PTD	en	pl	ad	trans.pl	600	ref	200	0.997843445823862	3109
3E22YV8GG16WSIBYDF0TI53X8FONPC	A14BSSXMEM9PTD	en	pl	ad	trans.pl	569	system	305	0.698090741804678	3109
3E22YV8GG16WSIBYDF0TI53X8FONPC	A14BSSXMEM9PTD	en	pl	ad	trans.pl	333	system	172	0.165197045770572	3109
3E22YV8GG16WSIBYDF0TI53X8FONPC	A14BSSXMEM9PTD	en	pl	ad	trans.pl	234	ref	72	0.997843445823862	3109
3E22YV8GG16WSIBYDF0TI53X8FONPC	A14BSSXMEM9PTD	en	pl	ad	trans.pl	470	system	25	0.631479029800414	3109
3E22YV8GG16WSIBYDF0TI53X8FONPC	A14BSSXMEM9PTD	en	pl	ad	trans.pl	668	cal	137	-1.93307188236372	3109
3E22YV8GG16WSIBYDF0TI53X8FONPC	A14BSSXMEM9PTD	en	pl	ad	trans.pl	452	system	247	0.564867317796151	3109
3E22YV8GG16WSIBYDF0TI53X8FONPC	A14BSSXMEM9PTD	en	pl	ad	trans.pl	664	system	311	0.431643893787625	3109
3E22YV8GG16WSIBYDF0TI53X8FONPC	A14BSSXMEM9PTD	en	pl	ad	trans.pl	54	system	212	-1.13373133831256	3109
3E22YV8GG16WSIBYDF0TI53X8FONPC	A14BSSXMEM9PTD	en	pl	ad	trans.pl	189	system	259	0.198502901772704	3109
3E22YV8GG16WSIBYDF0TI53X8FONPC	A14BSSXMEM9PTD	en	pl	ad	trans.pl	124	system	260	0.131891189768441	3109
3E22YV8GG16WSIBYDF0TI53X8FONPC	A14BSSXMEM9PTD	en	pl	ad	trans.pl	573	repeat	198	0.864620021815335	3109
3E22YV8GG16WSIBYDF0TI53X8FONPC	AEZAKCWE99YVJ	en	pl	ad	trans.pl	24	system	160	0.813044436397597	2430
3E22YV8GG16WSIBYDF0TI53X8FONPC	AEZAKCWE99YVJ	en	pl	ad	trans.pl	252	system	228	-1.54923392607104	2430
3E22YV8GG16WSIBYDF0TI53X8FONPC	AEZAKCWE99YVJ	en	pl	ad	trans.pl	107	system	105	-0.0930349355081827	2430
3E22YV8GG16WSIBYDF0TI53X8FONPC	AEZAKCWE99YVJ	en	pl	ad	trans.pl	222	system	109	1.62204387559919	2430
3E22YV8GG16WSIBYDF0TI53X8FONPC	AEZAKCWE99YVJ	en	pl	ad	trans.pl	53	system	326	-1.58159390363911	2430
3E22YV8GG16WSIBYDF0TI53X8FONPC	AEZAKCWE99YVJ	en	pl	ad	trans.pl	675	ref	263	1.65440385316725	2430
3E22YV8GG16WSIBYDF0TI53X8FONPC	AEZAKCWE99YVJ	en	pl	ad	trans.pl	263	repeat	308	-1.19327417282234	2430
3E22YV8GG16WSIBYDF0TI53X8FONPC	AEZAKCWE99YVJ	en	pl	ad	trans.pl	313	system	276	-1.12855421768622	2430
3E22YV8GG16WSIBYDF0TI53X8FONPC	AEZAKCWE99YVJ	en	pl	ad	trans.pl	104	cal	23	-1.29035410552653	2430
3E22YV8GG16WSIBYDF0TI53X8FONPC	AEZAKCWE99YVJ	en	pl	ad	trans.pl	589	system	8	-1.22563415039041	2430
3E22YV8GG16WSIBYDF0TI53X8FONPC	AEZAKCWE99YVJ	en	pl	ad	trans.pl	340	system	13	-1.3227140830946	2430
3E22YV8GG16WSIBYDF0TI53X8FONPC	AEZAKCWE99YVJ	en	pl	ad	trans.pl	292	system	218	-1.19327417282234	2430
3E22YV8GG16WSIBYDF0TI53X8FONPC	AEZAKCWE99YVJ	en	pl	ad	trans.pl	302	system	302	-1.19327417282234	2430
3E22YV8GG16WSIBYDF0TI53X8FONPC	AEZAKCWE99YVJ	en	pl	ad	trans.pl	342	system	334	0.327644772876643	2430
3E22YV8GG16WSIBYDF0TI53X8FONPC	AEZAKCWE99YVJ	en	pl	ad	trans.pl	669	repeat	199	0.813044436397597	2430
3E22YV8GG16WSIBYDF0TI53X8FONPC	AEZAKCWE99YVJ	en	pl	ad	trans.pl	490	cal	211	0.618884570989215	2430
3E22YV8GG16WSIBYDF0TI53X8FONPC	AEZAKCWE99YVJ	en	pl	ad	trans.pl	17	system	252	-0.804954442005581	2430
3E22YV8GG16WSIBYDF0TI53X8FONPC	AEZAKCWE99YVJ	en	pl	ad	trans.pl	267	system	155	1.58968389803112	2430
3E22YV8GG16WSIBYDF0TI53X8FONPC	AEZAKCWE99YVJ	en	pl	ad	trans.pl	72	system	283	-1.58159390363911	2430
3E22YV8GG16WSIBYDF0TI53X8FONPC	AEZAKCWE99YVJ	en	pl	ad	trans.pl	42	ref	320	1.65440385316725	2430
3E22YV8GG16WSIBYDF0TI53X8FONPC	AEZAKCWE99YVJ	en	pl	ad	trans.pl	248	system	156	0.84540441396566	2430
3E22YV8GG16WSIBYDF0TI53X8FONPC	AEZAKCWE99YVJ	en	pl	ad	trans.pl	164	system	343	0.84540441396566	2430
3E22YV8GG16WSIBYDF0TI53X8FONPC	AEZAKCWE99YVJ	en	pl	ad	trans.pl	591	system	135	1.65440385316725	2430
3E22YV8GG16WSIBYDF0TI53X8FONPC	AEZAKCWE99YVJ	en	pl	ad	trans.pl	411	ref	256	1.65440385316725	2430
3E22YV8GG16WSIBYDF0TI53X8FONPC	AEZAKCWE99YVJ	en	pl	ad	trans.pl	380	repeat	118	-0.837314419573644	2430
3E22YV8GG16WSIBYDF0TI53X8FONPC	AEZAKCWE99YVJ	en	pl	ad	trans.pl	125	system	71	-0.837314419573644	2430
3E22YV8GG16WSIBYDF0TI53X8FONPC	AEZAKCWE99YVJ	en	pl	ad	trans.pl	78	system	120	-0.804954442005581	2430
3E22YV8GG16WSIBYDF0TI53X8FONPC	AEZAKCWE99YVJ	en	pl	ad	trans.pl	139	system	306	-0.546074621461072	2430
3E22YV8GG16WSIBYDF0TI53X8FONPC	AEZAKCWE99YVJ	en	pl	ad	trans.pl	581	system	339	-0.934394352277835	2430
3E22YV8GG16WSIBYDF0TI53X8FONPC	AEZAKCWE99YVJ	en	pl	ad	trans.pl	661	cal	309	-1.54923392607104	2430
3E22YV8GG16WSIBYDF0TI53X8FONPC	AEZAKCWE99YVJ	en	pl	ad	trans.pl	518	system	83	-1.06383426255009	2430
3E22YV8GG16WSIBYDF0TI53X8FONPC	AEZAKCWE99YVJ	en	pl	ad	trans.pl	691	repeat	201	1.46024398775887	2430
3E22YV8GG16WSIBYDF0TI53X8FONPC	AEZAKCWE99YVJ	en	pl	ad	trans.pl	144	ref	44	1.65440385316725	2430
3E22YV8GG16WSIBYDF0TI53X8FONPC	AEZAKCWE99YVJ	en	pl	ad	trans.pl	582	system	29	1.65440385316725	2430
3E22YV8GG16WSIBYDF0TI53X8FONPC	AEZAKCWE99YVJ	en	pl	ad	trans.pl	466	system	200	1.49260396532693	2430
3E22YV8GG16WSIBYDF0TI53X8FONPC	AEZAKCWE99YVJ	en	pl	ad	trans.pl	76	system	273	-1.58159390363911	2430
3E22YV8GG16WSIBYDF0TI53X8FONPC	AEZAKCWE99YVJ	en	pl	ad	trans.pl	278	system	1	-1.58159390363911	2430
3E22YV8GG16WSIBYDF0TI53X8FONPC	AEZAKCWE99YVJ	en	pl	ad	trans.pl	426	system	281	0.521804638285025	2430
3E22YV8GG16WSIBYDF0TI53X8FONPC	AEZAKCWE99YVJ	en	pl	ad	trans.pl	265	cal	319	-1.58159390363911	2430
3E22YV8GG16WSIBYDF0TI53X8FONPC	AEZAKCWE99YVJ	en	pl	ad	trans.pl	96	system	70	-0.869674397141708	2430
3E22YV8GG16WSIBYDF0TI53X8FONPC	AEZAKCWE99YVJ	en	pl	ad	trans.pl	151	system	146	0.198204862604389	2430
3E22YV8GG16WSIBYDF0TI53X8FONPC	AEZAKCWE99YVJ	en	pl	ad	trans.pl	493	repeat	311	0.198204862604389	2430
3E22YV8GG16WSIBYDF0TI53X8FONPC	AEZAKCWE99YVJ	en	pl	ad	trans.pl	532	system	245	0.29528479530858	2430
3E22YV8GG16WSIBYDF0TI53X8FONPC	AEZAKCWE99YVJ	en	pl	ad	trans.pl	162	system	198	-0.70787450930139	2430
3E22YV8GG16WSIBYDF0TI53X8FONPC	AEZAKCWE99YVJ	en	pl	ad	trans.pl	449	system	137	-0.902034374709771	2430
3E22YV8GG16WSIBYDF0TI53X8FONPC	AEZAKCWE99YVJ	en	pl	ad	trans.pl	244	system	136	-1.16091419525428	2430
3E22YV8GG16WSIBYDF0TI53X8FONPC	AEZAKCWE99YVJ	en	pl	ad	trans.pl	161	cal	247	0.489444660716961	2430
3E22YV8GG16WSIBYDF0TI53X8FONPC	AEZAKCWE99YVJ	en	pl	ad	trans.pl	240	system	244	1.58968389803112	2430
3E22YV8GG16WSIBYDF0TI53X8FONPC	AEZAKCWE99YVJ	en	pl	ad	trans.pl	612	system	72	0.586524593421152	2430
3E22YV8GG16WSIBYDF0TI53X8FONPC	AEZAKCWE99YVJ	en	pl	ad	trans.pl	431	ref	259	1.65440385316725	2430
3E22YV8GG16WSIBYDF0TI53X8FONPC	AEZAKCWE99YVJ	en	pl	ad	trans.pl	534	system	329	-0.837314419573644	2430
3E22YV8GG16WSIBYDF0TI53X8FONPC	AEZAKCWE99YVJ	en	pl	ad	trans.pl	616	system	263	-0.902034374709771	2430
3E22YV8GG16WSIBYDF0TI53X8FONPC	AEZAKCWE99YVJ	en	pl	ad	trans.pl	474	system	308	0.165844885036326	2430
3E22YV8GG16WSIBYDF0TI53X8FONPC	AEZAKCWE99YVJ	en	pl	ad	trans.pl	556	system	23	0.424724705580834	2430
3E22YV8GG16WSIBYDF0TI53X8FONPC	AEZAKCWE99YVJ	en	pl	ad	trans.pl	200	repeat	326	0.198204862604389	2430
3E22YV8GG16WSIBYDF0TI53X8FONPC	AEZAKCWE99YVJ	en	pl	ad	trans.pl	325	system	261	-0.0930349355081827	2430
3E22YV8GG16WSIBYDF0TI53X8FONPC	AEZAKCWE99YVJ	en	pl	ad	trans.pl	332	ref	228	1.65440385316725	2430
3E22YV8GG16WSIBYDF0TI53X8FONPC	AEZAKCWE99YVJ	en	pl	ad	trans.pl	648	system	67	0.262924817740516	2430
3E22YV8GG16WSIBYDF0TI53X8FONPC	AEZAKCWE99YVJ	en	pl	ad	trans.pl	158	cal	105	-1.58159390363911	2430
3E22YV8GG16WSIBYDF0TI53X8FONPC	AEZAKCWE99YVJ	en	pl	ad	trans.pl	480	system	103	-0.934394352277835	2430
3E22YV8GG16WSIBYDF0TI53X8FONPC	AEZAKCWE99YVJ	en	pl	ad	trans.pl	699	system	126	-0.934394352277835	2430
3E22YV8GG16WSIBYDF0TI53X8FONPC	AEZAKCWE99YVJ	en	pl	ad	trans.pl	89	system	211	0.84540441396566	2430
3E22YV8GG16WSIBYDF0TI53X8FONPC	AEZAKCWE99YVJ	en	pl	ad	trans.pl	220	system	63	-0.772594464437517	2430
3E22YV8GG16WSIBYDF0TI53X8FONPC	AEZAKCWE99YVJ	en	pl	ad	trans.pl	419	system	87	1.65440385316725	2430
3E22YV8GG16WSIBYDF0TI53X8FONPC	AEZAKCWE99YVJ	en	pl	ad	trans.pl	422	system	320	1.65440385316725	2430
3E22YV8GG16WSIBYDF0TI53X8FONPC	AEZAKCWE99YVJ	en	pl	ad	trans.pl	365	repeat	218	-0.222474845780437	2430
3E22YV8GG16WSIBYDF0TI53X8FONPC	AEZAKCWE99YVJ	en	pl	ad	trans.pl	303	ref	302	1.65440385316725	2430
3E22YV8GG16WSIBYDF0TI53X8FONPC	AEZAKCWE99YVJ	en	pl	ad	trans.pl	87	system	151	0.262924817740516	2430
3E22YV8GG16WSIBYDF0TI53X8FONPC	AEZAKCWE99YVJ	en	pl	ad	trans.pl	111	system	199	0.554164615853088	2430
3E22YV8GG16WSIBYDF0TI53X8FONPC	AEZAKCWE99YVJ	en	pl	ad	trans.pl	57	cal	155	-0.804954442005581	2430
3E22YV8GG16WSIBYDF0TI53X8FONPC	AEZAKCWE99YVJ	en	pl	ad	trans.pl	29	system	229	0.683604526125343	2430
3E22YV8GG16WSIBYDF0TI53X8FONPC	AEZAKCWE99YVJ	en	pl	ad	trans.pl	262	system	118	0.165844885036326	2430
3E22YV8GG16WSIBYDF0TI53X8FONPC	AEZAKCWE99YVJ	en	pl	ad	trans.pl	533	system	256	0.198204862604389	2430
3E22YV8GG16WSIBYDF0TI53X8FONPC	AEZAKCWE99YVJ	en	pl	ad	trans.pl	254	system	195	0.198204862604389	2430
3E22YV8GG16WSIBYDF0TI53X8FONPC	AEZAKCWE99YVJ	en	pl	ad	trans.pl	259	system	158	-0.0606749579401192	2430
3E22YV8GG16WSIBYDF0TI53X8FONPC	AEZAKCWE99YVJ	en	pl	ad	trans.pl	236	system	309	-0.319554778484628	2430
3E22YV8GG16WSIBYDF0TI53X8FONPC	AEZAKCWE99YVJ	en	pl	ad	trans.pl	67	repeat	339	-1.3227140830946	2430
3E22YV8GG16WSIBYDF0TI53X8FONPC	AEZAKCWE99YVJ	en	pl	ad	trans.pl	491	cal	156	-0.740234486869454	2430
3E22YV8GG16WSIBYDF0TI53X8FONPC	AEZAKCWE99YVJ	en	pl	ad	trans.pl	304	ref	120	1.65440385316725	2430
3E22YV8GG16WSIBYDF0TI53X8FONPC	AEZAKCWE99YVJ	en	pl	ad	trans.pl	268	system	82	-0.804954442005581	2430
3E22YV8GG16WSIBYDF0TI53X8FONPC	AEZAKCWE99YVJ	en	pl	ad	trans.pl	385	system	304	-1.09619424011815	2430
3E22YV8GG16WSIBYDF0TI53X8FONPC	AEZAKCWE99YVJ	en	pl	ad	trans.pl	634	system	298	-1.22563415039041	2430
3E22YV8GG16WSIBYDF0TI53X8FONPC	AEZAKCWE99YVJ	en	pl	ad	trans.pl	242	system	319	-1.58159390363911	2430
3E22YV8GG16WSIBYDF0TI53X8FONPC	AEZAKCWE99YVJ	en	pl	ad	trans.pl	26	system	201	1.20136416721436	2430
3E22YV8GG16WSIBYDF0TI53X8FONPC	AEZAKCWE99YVJ	en	pl	ad	trans.pl	85	repeat	70	-0.966754329845898	2430
3E22YV8GG16WSIBYDF0TI53X8FONPC	AEZAKCWE99YVJ	en	pl	ad	trans.pl	555	system	15	0.877764391533724	2430
3E22YV8GG16WSIBYDF0TI53X8FONPC	AEZAKCWE99YVJ	en	pl	ad	trans.pl	141	system	44	0.877764391533724	2430
3E22YV8GG16WSIBYDF0TI53X8FONPC	AEZAKCWE99YVJ	en	pl	ad	trans.pl	226	cal	273	-1.58159390363911	2430
3E22YV8GG16WSIBYDF0TI53X8FONPC	AEZAKCWE99YVJ	en	pl	ad	trans.pl	600	ref	200	1.65440385316725	2430
3E22YV8GG16WSIBYDF0TI53X8FONPC	AEZAKCWE99YVJ	en	pl	ad	trans.pl	569	system	305	0.133484907468262	2430
3E22YV8GG16WSIBYDF0TI53X8FONPC	AEZAKCWE99YVJ	en	pl	ad	trans.pl	333	system	172	-0.481354666324945	2430
3E22YV8GG16WSIBYDF0TI53X8FONPC	AEZAKCWE99YVJ	en	pl	ad	trans.pl	234	ref	72	1.65440385316725	2430
3E22YV8GG16WSIBYDF0TI53X8FONPC	AEZAKCWE99YVJ	en	pl	ad	trans.pl	470	system	25	-0.448994688756882	2430
3E22YV8GG16WSIBYDF0TI53X8FONPC	AEZAKCWE99YVJ	en	pl	ad	trans.pl	668	cal	137	1.65440385316725	2430
3E22YV8GG16WSIBYDF0TI53X8FONPC	AEZAKCWE99YVJ	en	pl	ad	trans.pl	452	system	247	-0.610794576597199	2430
3E22YV8GG16WSIBYDF0TI53X8FONPC	AEZAKCWE99YVJ	en	pl	ad	trans.pl	664	system	311	-0.610794576597199	2430
3E22YV8GG16WSIBYDF0TI53X8FONPC	AEZAKCWE99YVJ	en	pl	ad	trans.pl	54	system	212	-0.481354666324945	2430
3E22YV8GG16WSIBYDF0TI53X8FONPC	AEZAKCWE99YVJ	en	pl	ad	trans.pl	189	system	259	-0.0606749579401192	2430
3E22YV8GG16WSIBYDF0TI53X8FONPC	AEZAKCWE99YVJ	en	pl	ad	trans.pl	124	system	260	-0.513714643893009	2430
3E22YV8GG16WSIBYDF0TI53X8FONPC	AEZAKCWE99YVJ	en	pl	ad	trans.pl	573	repeat	198	-0.643154554165263	2430
3WGZLY9VCHM20EL424KF0EWD51MD80	AEZAKCWE99YVJ	en	pl	ad	trans.pl	660	system	297	0.84540441396566	3205
3WGZLY9VCHM20EL424KF0EWD51MD80	AEZAKCWE99YVJ	en	pl	ad	trans.pl	621	system	301	-0.804954442005581	3205
3WGZLY9VCHM20EL424KF0EWD51MD80	AEZAKCWE99YVJ	en	pl	ad	trans.pl	98	system	42	-0.546074621461072	3205
3WGZLY9VCHM20EL424KF0EWD51MD80	AEZAKCWE99YVJ	en	pl	ad	trans.pl	576	system	270	0.74832448126147	3205
3WGZLY9VCHM20EL424KF0EWD51MD80	AEZAKCWE99YVJ	en	pl	ad	trans.pl	614	ref	327	1.65440385316725	3205
3WGZLY9VCHM20EL424KF0EWD51MD80	AEZAKCWE99YVJ	en	pl	ad	trans.pl	90	system	133	-0.902034374709771	3205
3WGZLY9VCHM20EL424KF0EWD51MD80	AEZAKCWE99YVJ	en	pl	ad	trans.pl	615	repeat	84	-1.58159390363911	3205
3WGZLY9VCHM20EL424KF0EWD51MD80	AEZAKCWE99YVJ	en	pl	ad	trans.pl	527	cal	280	-1.06383426255009	3205
3WGZLY9VCHM20EL424KF0EWD51MD80	AEZAKCWE99YVJ	en	pl	ad	trans.pl	618	system	183	1.10428423451017	3205
3WGZLY9VCHM20EL424KF0EWD51MD80	AEZAKCWE99YVJ	en	pl	ad	trans.pl	444	system	300	0.84540441396566	3205
3WGZLY9VCHM20EL424KF0EWD51MD80	AEZAKCWE99YVJ	en	pl	ad	trans.pl	339	system	176	0.84540441396566	3205
3WGZLY9VCHM20EL424KF0EWD51MD80	AEZAKCWE99YVJ	en	pl	ad	trans.pl	560	system	310	0.84540441396566	3205
3WGZLY9VCHM20EL424KF0EWD51MD80	AEZAKCWE99YVJ	en	pl	ad	trans.pl	156	system	299	-0.481354666324945	3205
3WGZLY9VCHM20EL424KF0EWD51MD80	AEZAKCWE99YVJ	en	pl	ad	trans.pl	180	system	101	-0.966754329845898	3205
3WGZLY9VCHM20EL424KF0EWD51MD80	AEZAKCWE99YVJ	en	pl	ad	trans.pl	396	cal	106	-1.58159390363911	3205
3WGZLY9VCHM20EL424KF0EWD51MD80	AEZAKCWE99YVJ	en	pl	ad	trans.pl	677	system	56	-0.319554778484628	3205
3WGZLY9VCHM20EL424KF0EWD51MD80	AEZAKCWE99YVJ	en	pl	ad	trans.pl	536	system	141	0.942484346669851	3205
3WGZLY9VCHM20EL424KF0EWD51MD80	AEZAKCWE99YVJ	en	pl	ad	trans.pl	171	ref	144	1.65440385316725	3205
3WGZLY9VCHM20EL424KF0EWD51MD80	AEZAKCWE99YVJ	en	pl	ad	trans.pl	28	system	117	0.0364049747640715	3205
3WGZLY9VCHM20EL424KF0EWD51MD80	AEZAKCWE99YVJ	en	pl	ad	trans.pl	143	repeat	28	0.877764391533724	3205
3WGZLY9VCHM20EL424KF0EWD51MD80	AEZAKCWE99YVJ	en	pl	ad	trans.pl	495	system	77	0.780684458829533	3205
3WGZLY9VCHM20EL424KF0EWD51MD80	AEZAKCWE99YVJ	en	pl	ad	trans.pl	682	system	314	0.813044436397597	3205
3WGZLY9VCHM20EL424KF0EWD51MD80	AEZAKCWE99YVJ	en	pl	ad	trans.pl	327	system	22	-1.51687394850298	3205
3WGZLY9VCHM20EL424KF0EWD51MD80	AEZAKCWE99YVJ	en	pl	ad	trans.pl	184	repeat	234	0.29528479530858	3205
3WGZLY9VCHM20EL424KF0EWD51MD80	AEZAKCWE99YVJ	en	pl	ad	trans.pl	177	system	34	-0.416634711188818	3205
3WGZLY9VCHM20EL424KF0EWD51MD80	AEZAKCWE99YVJ	en	pl	ad	trans.pl	25	system	342	-0.481354666324945	3205
3WGZLY9VCHM20EL424KF0EWD51MD80	AEZAKCWE99YVJ	en	pl	ad	trans.pl	671	cal	175	-1.51687394850298	3205
3WGZLY9VCHM20EL424KF0EWD51MD80	AEZAKCWE99YVJ	en	pl	ad	trans.pl	75	system	125	-0.869674397141708	3205
3WGZLY9VCHM20EL424KF0EWD51MD80	AEZAKCWE99YVJ	en	pl	ad	trans.pl	623	ref	131	1.65440385316725	3205
3WGZLY9VCHM20EL424KF0EWD51MD80	AEZAKCWE99YVJ	en	pl	ad	trans.pl	207	system	208	0.198204862604389	3205
3WGZLY9VCHM20EL424KF0EWD51MD80	AEZAKCWE99YVJ	en	pl	ad	trans.pl	642	system	215	1.58968389803112	3205
3WGZLY9VCHM20EL424KF0EWD51MD80	AEZAKCWE99YVJ	en	pl	ad	trans.pl	409	ref	293	1.65440385316725	3205
3WGZLY9VCHM20EL424KF0EWD51MD80	AEZAKCWE99YVJ	en	pl	ad	trans.pl	473	system	85	-1.03147428498203	3205
3WGZLY9VCHM20EL424KF0EWD51MD80	AEZAKCWE99YVJ	en	pl	ad	trans.pl	678	system	251	-0.934394352277835	3205
3WGZLY9VCHM20EL424KF0EWD51MD80	AEZAKCWE99YVJ	en	pl	ad	trans.pl	435	repeat	242	0.877764391533724	3205
3WGZLY9VCHM20EL424KF0EWD51MD80	AEZAKCWE99YVJ	en	pl	ad	trans.pl	1	system	179	-0.643154554165263	3205
3WGZLY9VCHM20EL424KF0EWD51MD80	AEZAKCWE99YVJ	en	pl	ad	trans.pl	119	cal	277	-0.966754329845898	3205
3WGZLY9VCHM20EL424KF0EWD51MD80	AEZAKCWE99YVJ	en	pl	ad	trans.pl	165	system	285	0.910124369101787	3205
3WGZLY9VCHM20EL424KF0EWD51MD80	AEZAKCWE99YVJ	en	pl	ad	trans.pl	71	system	331	-1.29035410552653	3205
3WGZLY9VCHM20EL424KF0EWD51MD80	AEZAKCWE99YVJ	en	pl	ad	trans.pl	641	system	192	0.877764391533724	3205
3WGZLY9VCHM20EL424KF0EWD51MD80	AEZAKCWE99YVJ	en	pl	ad	trans.pl	548	system	75	-1.38743403823072	3205
3WGZLY9VCHM20EL424KF0EWD51MD80	AEZAKCWE99YVJ	en	pl	ad	trans.pl	204	system	115	-0.999114307413962	3205
3WGZLY9VCHM20EL424KF0EWD51MD80	AEZAKCWE99YVJ	en	pl	ad	trans.pl	645	system	59	-0.610794576597199	3205
3WGZLY9VCHM20EL424KF0EWD51MD80	AEZAKCWE99YVJ	en	pl	ad	trans.pl	657	system	50	0.133484907468262	3205
3WGZLY9VCHM20EL424KF0EWD51MD80	AEZAKCWE99YVJ	en	pl	ad	trans.pl	227	system	9	0.198204862604389	3205
3WGZLY9VCHM20EL424KF0EWD51MD80	AEZAKCWE99YVJ	en	pl	ad	trans.pl	550	system	279	-0.351914756052691	3205
3WGZLY9VCHM20EL424KF0EWD51MD80	AEZAKCWE99YVJ	en	pl	ad	trans.pl	13	repeat	307	0.165844885036326	3205
3WGZLY9VCHM20EL424KF0EWD51MD80	AEZAKCWE99YVJ	en	pl	ad	trans.pl	326	ref	20	1.65440385316725	3205
3WGZLY9VCHM20EL424KF0EWD51MD80	AEZAKCWE99YVJ	en	pl	ad	trans.pl	357	system	232	-1.58159390363911	3205
3WGZLY9VCHM20EL424KF0EWD51MD80	AEZAKCWE99YVJ	en	pl	ad	trans.pl	514	cal	248	-1.58159390363911	3205
3WGZLY9VCHM20EL424KF0EWD51MD80	AEZAKCWE99YVJ	en	pl	ad	trans.pl	457	ref	42	1.65440385316725	3205
3WGZLY9VCHM20EL424KF0EWD51MD80	AEZAKCWE99YVJ	en	pl	ad	trans.pl	649	system	327	-0.643154554165263	3205
3WGZLY9VCHM20EL424KF0EWD51MD80	AEZAKCWE99YVJ	en	pl	ad	trans.pl	440	repeat	133	-1.58159390363911	3205
3WGZLY9VCHM20EL424KF0EWD51MD80	AEZAKCWE99YVJ	en	pl	ad	trans.pl	209	cal	300	0.813044436397597	3205
3WGZLY9VCHM20EL424KF0EWD51MD80	AEZAKCWE99YVJ	en	pl	ad	trans.pl	694	system	280	-0.837314419573644	3205
3WGZLY9VCHM20EL424KF0EWD51MD80	AEZAKCWE99YVJ	en	pl	ad	trans.pl	231	system	167	-1.03147428498203	3205
3WGZLY9VCHM20EL424KF0EWD51MD80	AEZAKCWE99YVJ	en	pl	ad	trans.pl	18	system	346	0.198204862604389	3205
3WGZLY9VCHM20EL424KF0EWD51MD80	AEZAKCWE99YVJ	en	pl	ad	trans.pl	225	system	113	-1.48451397093492	3205
3WGZLY9VCHM20EL424KF0EWD51MD80	AEZAKCWE99YVJ	en	pl	ad	trans.pl	553	system	147	0.877764391533724	3205
3WGZLY9VCHM20EL424KF0EWD51MD80	AEZAKCWE99YVJ	en	pl	ad	trans.pl	38	system	84	-1.41979401579879	3205
3WGZLY9VCHM20EL424KF0EWD51MD80	AEZAKCWE99YVJ	en	pl	ad	trans.pl	640	system	282	-0.740234486869454	3205
3WGZLY9VCHM20EL424KF0EWD51MD80	AEZAKCWE99YVJ	en	pl	ad	trans.pl	586	system	286	-1.51687394850298	3205
3WGZLY9VCHM20EL424KF0EWD51MD80	AEZAKCWE99YVJ	en	pl	ad	trans.pl	695	system	106	-1.19327417282234	3205
3WGZLY9VCHM20EL424KF0EWD51MD80	AEZAKCWE99YVJ	en	pl	ad	trans.pl	219	system	220	0.29528479530858	3205
3WGZLY9VCHM20EL424KF0EWD51MD80	AEZAKCWE99YVJ	en	pl	ad	trans.pl	372	system	144	1.65440385316725	3205
3WGZLY9VCHM20EL424KF0EWD51MD80	AEZAKCWE99YVJ	en	pl	ad	trans.pl	238	system	174	1.65440385316725	3205
3WGZLY9VCHM20EL424KF0EWD51MD80	AEZAKCWE99YVJ	en	pl	ad	trans.pl	145	ref	56	1.65440385316725	3205
3WGZLY9VCHM20EL424KF0EWD51MD80	AEZAKCWE99YVJ	en	pl	ad	trans.pl	323	cal	176	-1.48451397093492	3205
3WGZLY9VCHM20EL424KF0EWD51MD80	AEZAKCWE99YVJ	en	pl	ad	trans.pl	349	repeat	117	-0.384274733620755	3205
3WGZLY9VCHM20EL424KF0EWD51MD80	AEZAKCWE99YVJ	en	pl	ad	trans.pl	410	system	28	0.392364728012771	3205
3WGZLY9VCHM20EL424KF0EWD51MD80	AEZAKCWE99YVJ	en	pl	ad	trans.pl	186	system	243	-0.934394352277835	3205
3WGZLY9VCHM20EL424KF0EWD51MD80	AEZAKCWE99YVJ	en	pl	ad	trans.pl	6	system	98	-0.837314419573644	3205
3WGZLY9VCHM20EL424KF0EWD51MD80	AEZAKCWE99YVJ	en	pl	ad	trans.pl	523	system	268	0.554164615853088	3205
3WGZLY9VCHM20EL424KF0EWD51MD80	AEZAKCWE99YVJ	en	pl	ad	trans.pl	537	system	108	0.230564840172453	3205
3WGZLY9VCHM20EL424KF0EWD51MD80	AEZAKCWE99YVJ	en	pl	ad	trans.pl	584	cal	208	-0.999114307413962	3205
3WGZLY9VCHM20EL424KF0EWD51MD80	AEZAKCWE99YVJ	en	pl	ad	trans.pl	608	system	131	-0.190114868212373	3205
3WGZLY9VCHM20EL424KF0EWD51MD80	AEZAKCWE99YVJ	en	pl	ad	trans.pl	459	repeat	342	-0.125394913076246	3205
3WGZLY9VCHM20EL424KF0EWD51MD80	AEZAKCWE99YVJ	en	pl	ad	trans.pl	551	system	175	0.29528479530858	3205
3WGZLY9VCHM20EL424KF0EWD51MD80	AEZAKCWE99YVJ	en	pl	ad	trans.pl	399	ref	314	1.65440385316725	3205
3WGZLY9VCHM20EL424KF0EWD51MD80	AEZAKCWE99YVJ	en	pl	ad	trans.pl	261	system	234	0.165844885036326	3205
3WGZLY9VCHM20EL424KF0EWD51MD80	AEZAKCWE99YVJ	en	pl	ad	trans.pl	679	system	58	0.133484907468262	3205
3WGZLY9VCHM20EL424KF0EWD51MD80	AEZAKCWE99YVJ	en	pl	ad	trans.pl	317	system	277	0.133484907468262	3205
3WGZLY9VCHM20EL424KF0EWD51MD80	AEZAKCWE99YVJ	en	pl	ad	trans.pl	290	system	241	-0.125394913076246	3205
3WGZLY9VCHM20EL424KF0EWD51MD80	AEZAKCWE99YVJ	en	pl	ad	trans.pl	350	ref	285	1.65440385316725	3205
3WGZLY9VCHM20EL424KF0EWD51MD80	AEZAKCWE99YVJ	en	pl	ad	trans.pl	595	repeat	251	-0.222474845780437	3205
3WGZLY9VCHM20EL424KF0EWD51MD80	AEZAKCWE99YVJ	en	pl	ad	trans.pl	585	system	242	0.877764391533724	3205
3WGZLY9VCHM20EL424KF0EWD51MD80	AEZAKCWE99YVJ	en	pl	ad	trans.pl	48	system	293	0.521804638285025	3205
3WGZLY9VCHM20EL424KF0EWD51MD80	AEZAKCWE99YVJ	en	pl	ad	trans.pl	698	system	134	0.327644772876643	3205
3WGZLY9VCHM20EL424KF0EWD51MD80	AEZAKCWE99YVJ	en	pl	ad	trans.pl	146	system	138	-0.15775489064431	3205
3WGZLY9VCHM20EL424KF0EWD51MD80	AEZAKCWE99YVJ	en	pl	ad	trans.pl	407	cal	179	-1.19327417282234	3205
3WGZLY9VCHM20EL424KF0EWD51MD80	AEZAKCWE99YVJ	en	pl	ad	trans.pl	665	system	258	0.521804638285025	3205
3WGZLY9VCHM20EL424KF0EWD51MD80	AEZAKCWE99YVJ	en	pl	ad	trans.pl	599	system	78	0.521804638285025	3205
3WGZLY9VCHM20EL424KF0EWD51MD80	AEZAKCWE99YVJ	en	pl	ad	trans.pl	567	system	184	0.715964503693406	3205
3WGZLY9VCHM20EL424KF0EWD51MD80	AEZAKCWE99YVJ	en	pl	ad	trans.pl	356	repeat	59	0.586524593421152	3205
3WGZLY9VCHM20EL424KF0EWD51MD80	AEZAKCWE99YVJ	en	pl	ad	trans.pl	540	system	248	-0.222474845780437	3205
3WGZLY9VCHM20EL424KF0EWD51MD80	AEZAKCWE99YVJ	en	pl	ad	trans.pl	604	system	271	0.327644772876643	3205
3WGZLY9VCHM20EL424KF0EWD51MD80	AEZAKCWE99YVJ	en	pl	ad	trans.pl	593	system	307	0.554164615853088	3205
3WGZLY9VCHM20EL424KF0EWD51MD80	AEZAKCWE99YVJ	en	pl	ad	trans.pl	598	cal	115	-1.58159390363911	3205
3WGZLY9VCHM20EL424KF0EWD51MD80	AEZAKCWE99YVJ	en	pl	ad	trans.pl	467	ref	75	1.65440385316725	3205
3WGZLY9VCHM20EL424KF0EWD51MD80	AEZAKCWE99YVJ	en	pl	ad	trans.pl	482	system	20	-0.2548348233485	3205
3WGZLY9VCHM20EL424KF0EWD51MD80	A14BSSXMEM9PTD	en	pl	ad	trans.pl	660	system	297	0.598173173798283	1281
3WGZLY9VCHM20EL424KF0EWD51MD80	A14BSSXMEM9PTD	en	pl	ad	trans.pl	621	system	301	0.931231733819599	1281
3WGZLY9VCHM20EL424KF0EWD51MD80	A14BSSXMEM9PTD	en	pl	ad	trans.pl	98	system	42	0.931231733819599	1281
3WGZLY9VCHM20EL424KF0EWD51MD80	A14BSSXMEM9PTD	en	pl	ad	trans.pl	576	system	270	0.798008309811072	1281
3WGZLY9VCHM20EL424KF0EWD51MD80	A14BSSXMEM9PTD	en	pl	ad	trans.pl	614	ref	327	0.997843445823862	1281
3WGZLY9VCHM20EL424KF0EWD51MD80	A14BSSXMEM9PTD	en	pl	ad	trans.pl	90	system	133	-1.40017818632961	1281
3WGZLY9VCHM20EL424KF0EWD51MD80	A14BSSXMEM9PTD	en	pl	ad	trans.pl	615	repeat	84	-1.20034305031682	1281
3WGZLY9VCHM20EL424KF0EWD51MD80	A14BSSXMEM9PTD	en	pl	ad	trans.pl	527	cal	280	-1.86646017035945	1281
3WGZLY9VCHM20EL424KF0EWD51MD80	A14BSSXMEM9PTD	en	pl	ad	trans.pl	618	system	183	0.831314165813204	1281
3WGZLY9VCHM20EL424KF0EWD51MD80	A14BSSXMEM9PTD	en	pl	ad	trans.pl	444	system	300	0.33172632578123	1281
3WGZLY9VCHM20EL424KF0EWD51MD80	A14BSSXMEM9PTD	en	pl	ad	trans.pl	339	system	176	0.931231733819599	1281
3WGZLY9VCHM20EL424KF0EWD51MD80	A14BSSXMEM9PTD	en	pl	ad	trans.pl	560	system	310	0.398338037785493	1281
3WGZLY9VCHM20EL424KF0EWD51MD80	A14BSSXMEM9PTD	en	pl	ad	trans.pl	156	system	299	0.165197045770572	1281
3WGZLY9VCHM20EL424KF0EWD51MD80	A14BSSXMEM9PTD	en	pl	ad	trans.pl	180	system	101	-2.06629530637224	1281
3WGZLY9VCHM20EL424KF0EWD51MD80	A14BSSXMEM9PTD	en	pl	ad	trans.pl	396	cal	106	-1.50009575433601	1281
3WGZLY9VCHM20EL424KF0EWD51MD80	A14BSSXMEM9PTD	en	pl	ad	trans.pl	677	system	56	-2.09960116237437	1281
3WGZLY9VCHM20EL424KF0EWD51MD80	A14BSSXMEM9PTD	en	pl	ad	trans.pl	536	system	141	0.831314165813204	1281
3WGZLY9VCHM20EL424KF0EWD51MD80	A14BSSXMEM9PTD	en	pl	ad	trans.pl	171	ref	144	0.997843445823862	1281
3WGZLY9VCHM20EL424KF0EWD51MD80	A14BSSXMEM9PTD	en	pl	ad	trans.pl	28	system	117	-0.167861514250743	1281
3WGZLY9VCHM20EL424KF0EWD51MD80	A14BSSXMEM9PTD	en	pl	ad	trans.pl	143	repeat	28	-1.0671196263083	1281
3WGZLY9VCHM20EL424KF0EWD51MD80	A14BSSXMEM9PTD	en	pl	ad	trans.pl	495	system	77	-0.0679439462443486	1281
3WGZLY9VCHM20EL424KF0EWD51MD80	A14BSSXMEM9PTD	en	pl	ad	trans.pl	682	system	314	-1.43348404233174	1281
3WGZLY9VCHM20EL424KF0EWD51MD80	A14BSSXMEM9PTD	en	pl	ad	trans.pl	327	system	22	-1.10042548231043	1281
3WGZLY9VCHM20EL424KF0EWD51MD80	A14BSSXMEM9PTD	en	pl	ad	trans.pl	184	repeat	234	-0.267779082257138	1281
3WGZLY9VCHM20EL424KF0EWD51MD80	A14BSSXMEM9PTD	en	pl	ad	trans.pl	177	system	34	-0.667449354282717	1281
3WGZLY9VCHM20EL424KF0EWD51MD80	A14BSSXMEM9PTD	en	pl	ad	trans.pl	25	system	342	-1.16703719431469	1281
3WGZLY9VCHM20EL424KF0EWD51MD80	A14BSSXMEM9PTD	en	pl	ad	trans.pl	671	cal	175	-2.3327421543893	1281
3WGZLY9VCHM20EL424KF0EWD51MD80	A14BSSXMEM9PTD	en	pl	ad	trans.pl	75	system	125	-1.50009575433601	1281
3WGZLY9VCHM20EL424KF0EWD51MD80	A14BSSXMEM9PTD	en	pl	ad	trans.pl	623	ref	131	0.997843445823862	1281
3WGZLY9VCHM20EL424KF0EWD51MD80	A14BSSXMEM9PTD	en	pl	ad	trans.pl	207	system	208	0.631479029800414	1281
3WGZLY9VCHM20EL424KF0EWD51MD80	A14BSSXMEM9PTD	en	pl	ad	trans.pl	642	system	215	0.96453758982173	1281
3WGZLY9VCHM20EL424KF0EWD51MD80	A14BSSXMEM9PTD	en	pl	ad	trans.pl	409	ref	293	0.997843445823862	1281
3WGZLY9VCHM20EL424KF0EWD51MD80	A14BSSXMEM9PTD	en	pl	ad	trans.pl	473	system	85	-1.13373133831256	1281
3WGZLY9VCHM20EL424KF0EWD51MD80	A14BSSXMEM9PTD	en	pl	ad	trans.pl	678	system	251	-0.700755210284849	1281
3WGZLY9VCHM20EL424KF0EWD51MD80	A14BSSXMEM9PTD	en	pl	ad	trans.pl	435	repeat	242	0.298420469779099	1281
3WGZLY9VCHM20EL424KF0EWD51MD80	A14BSSXMEM9PTD	en	pl	ad	trans.pl	1	system	179	0.165197045770572	1281
3WGZLY9VCHM20EL424KF0EWD51MD80	A14BSSXMEM9PTD	en	pl	ad	trans.pl	119	cal	277	-2.03298945037011	1281
3WGZLY9VCHM20EL424KF0EWD51MD80	A14BSSXMEM9PTD	en	pl	ad	trans.pl	165	system	285	0.831314165813204	1281
3WGZLY9VCHM20EL424KF0EWD51MD80	A14BSSXMEM9PTD	en	pl	ad	trans.pl	71	system	331	0.165197045770572	1281
3WGZLY9VCHM20EL424KF0EWD51MD80	A14BSSXMEM9PTD	en	pl	ad	trans.pl	641	system	192	0.897925877817467	1281
3WGZLY9VCHM20EL424KF0EWD51MD80	A14BSSXMEM9PTD	en	pl	ad	trans.pl	548	system	75	-1.99968359436798	1281
3WGZLY9VCHM20EL424KF0EWD51MD80	A14BSSXMEM9PTD	en	pl	ad	trans.pl	204	system	115	-1.13373133831256	1281
3WGZLY9VCHM20EL424KF0EWD51MD80	A14BSSXMEM9PTD	en	pl	ad	trans.pl	645	system	59	-1.16703719431469	1281
3WGZLY9VCHM20EL424KF0EWD51MD80	A14BSSXMEM9PTD	en	pl	ad	trans.pl	657	system	50	-0.167861514250743	1281
3WGZLY9VCHM20EL424KF0EWD51MD80	A14BSSXMEM9PTD	en	pl	ad	trans.pl	227	system	9	0.431643893787625	1281
3WGZLY9VCHM20EL424KF0EWD51MD80	A14BSSXMEM9PTD	en	pl	ad	trans.pl	550	system	279	0.698090741804678	1281
3WGZLY9VCHM20EL424KF0EWD51MD80	A14BSSXMEM9PTD	en	pl	ad	trans.pl	13	repeat	307	0.631479029800414	1281
3WGZLY9VCHM20EL424KF0EWD51MD80	A14BSSXMEM9PTD	en	pl	ad	trans.pl	326	ref	20	0.997843445823862	1281
3WGZLY9VCHM20EL424KF0EWD51MD80	A14BSSXMEM9PTD	en	pl	ad	trans.pl	357	system	232	-1.50009575433601	1281
3WGZLY9VCHM20EL424KF0EWD51MD80	A14BSSXMEM9PTD	en	pl	ad	trans.pl	514	cal	248	-1.83315431435732	1281
3WGZLY9VCHM20EL424KF0EWD51MD80	A14BSSXMEM9PTD	en	pl	ad	trans.pl	457	ref	42	0.997843445823862	1281
3WGZLY9VCHM20EL424KF0EWD51MD80	A14BSSXMEM9PTD	en	pl	ad	trans.pl	649	system	327	-1.50009575433601	1281
3WGZLY9VCHM20EL424KF0EWD51MD80	A14BSSXMEM9PTD	en	pl	ad	trans.pl	440	repeat	133	-1.10042548231043	1281
3WGZLY9VCHM20EL424KF0EWD51MD80	A14BSSXMEM9PTD	en	pl	ad	trans.pl	209	cal	300	0.731396597806809	1281
3WGZLY9VCHM20EL424KF0EWD51MD80	A14BSSXMEM9PTD	en	pl	ad	trans.pl	694	system	280	0.198502901772704	1281
3WGZLY9VCHM20EL424KF0EWD51MD80	A14BSSXMEM9PTD	en	pl	ad	trans.pl	231	system	167	0.698090741804678	1281
3WGZLY9VCHM20EL424KF0EWD51MD80	A14BSSXMEM9PTD	en	pl	ad	trans.pl	18	system	346	0.265114613776967	1281
3WGZLY9VCHM20EL424KF0EWD51MD80	A14BSSXMEM9PTD	en	pl	ad	trans.pl	225	system	113	-1.93307188236372	1281
3WGZLY9VCHM20EL424KF0EWD51MD80	A14BSSXMEM9PTD	en	pl	ad	trans.pl	553	system	147	0.664784885802546	1281
3WGZLY9VCHM20EL424KF0EWD51MD80	A14BSSXMEM9PTD	en	pl	ad	trans.pl	38	system	84	0.498255605791888	1281
3WGZLY9VCHM20EL424KF0EWD51MD80	A14BSSXMEM9PTD	en	pl	ad	trans.pl	640	system	282	-1.86646017035945	1281
3WGZLY9VCHM20EL424KF0EWD51MD80	A14BSSXMEM9PTD	en	pl	ad	trans.pl	586	system	286	0.664784885802546	1281
3WGZLY9VCHM20EL424KF0EWD51MD80	A14BSSXMEM9PTD	en	pl	ad	trans.pl	695	system	106	-0.234473226255006	1281
3WGZLY9VCHM20EL424KF0EWD51MD80	A14BSSXMEM9PTD	en	pl	ad	trans.pl	219	system	220	0.864620021815335	1281
3WGZLY9VCHM20EL424KF0EWD51MD80	A14BSSXMEM9PTD	en	pl	ad	trans.pl	372	system	144	0.997843445823862	1281
3WGZLY9VCHM20EL424KF0EWD51MD80	A14BSSXMEM9PTD	en	pl	ad	trans.pl	238	system	174	0.398338037785493	1281
3WGZLY9VCHM20EL424KF0EWD51MD80	A14BSSXMEM9PTD	en	pl	ad	trans.pl	145	ref	56	0.997843445823862	1281
3WGZLY9VCHM20EL424KF0EWD51MD80	A14BSSXMEM9PTD	en	pl	ad	trans.pl	323	cal	176	-1.99968359436798	1281
3WGZLY9VCHM20EL424KF0EWD51MD80	A14BSSXMEM9PTD	en	pl	ad	trans.pl	349	repeat	117	0.131891189768441	1281
3WGZLY9VCHM20EL424KF0EWD51MD80	A14BSSXMEM9PTD	en	pl	ad	trans.pl	410	system	28	0.131891189768441	1281
3WGZLY9VCHM20EL424KF0EWD51MD80	A14BSSXMEM9PTD	en	pl	ad	trans.pl	186	system	243	-0.500920074272059	1281
3WGZLY9VCHM20EL424KF0EWD51MD80	A14BSSXMEM9PTD	en	pl	ad	trans.pl	6	system	98	-1.50009575433601	1281
3WGZLY9VCHM20EL424KF0EWD51MD80	A14BSSXMEM9PTD	en	pl	ad	trans.pl	523	system	268	0.864620021815335	1281
3WGZLY9VCHM20EL424KF0EWD51MD80	A14BSSXMEM9PTD	en	pl	ad	trans.pl	537	system	108	0.664784885802546	1281
3WGZLY9VCHM20EL424KF0EWD51MD80	A14BSSXMEM9PTD	en	pl	ad	trans.pl	584	cal	208	-1.76654260235306	1281
3WGZLY9VCHM20EL424KF0EWD51MD80	A14BSSXMEM9PTD	en	pl	ad	trans.pl	608	system	131	-1.23364890631895	1281
3WGZLY9VCHM20EL424KF0EWD51MD80	A14BSSXMEM9PTD	en	pl	ad	trans.pl	459	repeat	342	-0.30108493825927	1281
3WGZLY9VCHM20EL424KF0EWD51MD80	A14BSSXMEM9PTD	en	pl	ad	trans.pl	551	system	175	-0.401002506265664	1281
3WGZLY9VCHM20EL424KF0EWD51MD80	A14BSSXMEM9PTD	en	pl	ad	trans.pl	399	ref	314	0.997843445823862	1281
3WGZLY9VCHM20EL424KF0EWD51MD80	A14BSSXMEM9PTD	en	pl	ad	trans.pl	261	system	234	0.564867317796151	1281
3WGZLY9VCHM20EL424KF0EWD51MD80	A14BSSXMEM9PTD	en	pl	ad	trans.pl	679	system	58	0.431643893787625	1281
3WGZLY9VCHM20EL424KF0EWD51MD80	A14BSSXMEM9PTD	en	pl	ad	trans.pl	317	system	277	0.598173173798283	1281
3WGZLY9VCHM20EL424KF0EWD51MD80	A14BSSXMEM9PTD	en	pl	ad	trans.pl	290	system	241	-0.034638090242217	1281
3WGZLY9VCHM20EL424KF0EWD51MD80	A14BSSXMEM9PTD	en	pl	ad	trans.pl	350	ref	285	0.997843445823862	1281
3WGZLY9VCHM20EL424KF0EWD51MD80	A14BSSXMEM9PTD	en	pl	ad	trans.pl	595	repeat	251	0.997843445823862	1281
3WGZLY9VCHM20EL424KF0EWD51MD80	A14BSSXMEM9PTD	en	pl	ad	trans.pl	585	system	242	0.398338037785493	1281
3WGZLY9VCHM20EL424KF0EWD51MD80	A14BSSXMEM9PTD	en	pl	ad	trans.pl	48	system	293	0.298420469779099	1281
3WGZLY9VCHM20EL424KF0EWD51MD80	A14BSSXMEM9PTD	en	pl	ad	trans.pl	698	system	134	-0.401002506265664	1281
3WGZLY9VCHM20EL424KF0EWD51MD80	A14BSSXMEM9PTD	en	pl	ad	trans.pl	146	system	138	-1.53340161033814	1281
3WGZLY9VCHM20EL424KF0EWD51MD80	A14BSSXMEM9PTD	en	pl	ad	trans.pl	407	cal	179	-0.234473226255006	1281
3WGZLY9VCHM20EL424KF0EWD51MD80	A14BSSXMEM9PTD	en	pl	ad	trans.pl	665	system	258	0.764702453808941	1281
3WGZLY9VCHM20EL424KF0EWD51MD80	A14BSSXMEM9PTD	en	pl	ad	trans.pl	599	system	78	0.431643893787625	1281
3WGZLY9VCHM20EL424KF0EWD51MD80	A14BSSXMEM9PTD	en	pl	ad	trans.pl	567	system	184	0.897925877817467	1281
3WGZLY9VCHM20EL424KF0EWD51MD80	A14BSSXMEM9PTD	en	pl	ad	trans.pl	356	repeat	59	0.897925877817467	1281
3WGZLY9VCHM20EL424KF0EWD51MD80	A14BSSXMEM9PTD	en	pl	ad	trans.pl	540	system	248	0.464949749789757	1281
3WGZLY9VCHM20EL424KF0EWD51MD80	A14BSSXMEM9PTD	en	pl	ad	trans.pl	604	system	271	-1.03381377030616	1281
3WGZLY9VCHM20EL424KF0EWD51MD80	A14BSSXMEM9PTD	en	pl	ad	trans.pl	593	system	307	0.798008309811072	1281
3WGZLY9VCHM20EL424KF0EWD51MD80	A14BSSXMEM9PTD	en	pl	ad	trans.pl	598	cal	115	-1.83315431435732	1281
3WGZLY9VCHM20EL424KF0EWD51MD80	A14BSSXMEM9PTD	en	pl	ad	trans.pl	467	ref	75	0.997843445823862	1281
3WGZLY9VCHM20EL424KF0EWD51MD80	A14BSSXMEM9PTD	en	pl	ad	trans.pl	482	system	20	0.165197045770572	1281
3RQVKZ7ZRKJBXQI5VA8SQV9EXQS72Z	AEZAKCWE99YVJ	en	pl	ad	trans.pl	583	system	267	-0.190114868212373	3154
3RQVKZ7ZRKJBXQI5VA8SQV9EXQS72Z	AEZAKCWE99YVJ	en	pl	ad	trans.pl	2	system	186	-0.837314419573644	3154
3RQVKZ7ZRKJBXQI5VA8SQV9EXQS72Z	AEZAKCWE99YVJ	en	pl	ad	trans.pl	172	system	227	-0.869674397141708	3154
3RQVKZ7ZRKJBXQI5VA8SQV9EXQS72Z	AEZAKCWE99YVJ	en	pl	ad	trans.pl	31	system	3	0.84540441396566	3154
3RQVKZ7ZRKJBXQI5VA8SQV9EXQS72Z	AEZAKCWE99YVJ	en	pl	ad	trans.pl	544	system	90	-1.29035410552653	3154
3RQVKZ7ZRKJBXQI5VA8SQV9EXQS72Z	AEZAKCWE99YVJ	en	pl	ad	trans.pl	430	ref	323	1.65440385316725	3154
3RQVKZ7ZRKJBXQI5VA8SQV9EXQS72Z	AEZAKCWE99YVJ	en	pl	ad	trans.pl	237	cal	318	-1.58159390363911	3154
3RQVKZ7ZRKJBXQI5VA8SQV9EXQS72Z	AEZAKCWE99YVJ	en	pl	ad	trans.pl	437	system	100	-1.58159390363911	3154
3RQVKZ7ZRKJBXQI5VA8SQV9EXQS72Z	AEZAKCWE99YVJ	en	pl	ad	trans.pl	44	system	152	1.13664421207823	3154
3RQVKZ7ZRKJBXQI5VA8SQV9EXQS72Z	AEZAKCWE99YVJ	en	pl	ad	trans.pl	460	repeat	190	-0.772594464437517	3154
3RQVKZ7ZRKJBXQI5VA8SQV9EXQS72Z	AEZAKCWE99YVJ	en	pl	ad	trans.pl	288	system	237	-0.804954442005581	3154
3RQVKZ7ZRKJBXQI5VA8SQV9EXQS72Z	AEZAKCWE99YVJ	en	pl	ad	trans.pl	308	system	132	-1.58159390363911	3154
3RQVKZ7ZRKJBXQI5VA8SQV9EXQS72Z	AEZAKCWE99YVJ	en	pl	ad	trans.pl	619	cal	336	-0.999114307413962	3154
3RQVKZ7ZRKJBXQI5VA8SQV9EXQS72Z	AEZAKCWE99YVJ	en	pl	ad	trans.pl	520	system	64	-1.38743403823072	3154
3RQVKZ7ZRKJBXQI5VA8SQV9EXQS72Z	AEZAKCWE99YVJ	en	pl	ad	trans.pl	588	system	274	0.84540441396566	3154
3RQVKZ7ZRKJBXQI5VA8SQV9EXQS72Z	AEZAKCWE99YVJ	en	pl	ad	trans.pl	543	system	121	0.877764391533724	3154
3RQVKZ7ZRKJBXQI5VA8SQV9EXQS72Z	AEZAKCWE99YVJ	en	pl	ad	trans.pl	545	ref	5	1.65440385316725	3154
3RQVKZ7ZRKJBXQI5VA8SQV9EXQS72Z	AEZAKCWE99YVJ	en	pl	ad	trans.pl	49	repeat	130	0.0364049747640715	3154
3RQVKZ7ZRKJBXQI5VA8SQV9EXQS72Z	AEZAKCWE99YVJ	en	pl	ad	trans.pl	232	system	47	-0.772594464437517	3154
3RQVKZ7ZRKJBXQI5VA8SQV9EXQS72Z	AEZAKCWE99YVJ	en	pl	ad	trans.pl	191	system	257	-0.70787450930139	3154
3RQVKZ7ZRKJBXQI5VA8SQV9EXQS72Z	AEZAKCWE99YVJ	en	pl	ad	trans.pl	690	system	40	-1.29035410552653	3154
3RQVKZ7ZRKJBXQI5VA8SQV9EXQS72Z	AEZAKCWE99YVJ	en	pl	ad	trans.pl	635	system	157	0.29528479530858	3154
3RQVKZ7ZRKJBXQI5VA8SQV9EXQS72Z	AEZAKCWE99YVJ	en	pl	ad	trans.pl	241	system	292	-1.3227140830946	3154
3RQVKZ7ZRKJBXQI5VA8SQV9EXQS72Z	AEZAKCWE99YVJ	en	pl	ad	trans.pl	182	cal	104	0.586524593421152	3154
3RQVKZ7ZRKJBXQI5VA8SQV9EXQS72Z	AEZAKCWE99YVJ	en	pl	ad	trans.pl	276	ref	164	1.65440385316725	3154
3RQVKZ7ZRKJBXQI5VA8SQV9EXQS72Z	AEZAKCWE99YVJ	en	pl	ad	trans.pl	88	system	250	1.55732392046306	3154
3RQVKZ7ZRKJBXQI5VA8SQV9EXQS72Z	AEZAKCWE99YVJ	en	pl	ad	trans.pl	353	system	94	-0.481354666324945	3154
3RQVKZ7ZRKJBXQI5VA8SQV9EXQS72Z	AEZAKCWE99YVJ	en	pl	ad	trans.pl	554	repeat	350	0.133484907468262	3154
3RQVKZ7ZRKJBXQI5VA8SQV9EXQS72Z	AEZAKCWE99YVJ	en	pl	ad	trans.pl	66	system	188	-0.384274733620755	3154
3RQVKZ7ZRKJBXQI5VA8SQV9EXQS72Z	AEZAKCWE99YVJ	en	pl	ad	trans.pl	484	system	345	-0.675514531733327	3154
3RQVKZ7ZRKJBXQI5VA8SQV9EXQS72Z	AEZAKCWE99YVJ	en	pl	ad	trans.pl	605	system	272	-0.772594464437517	3154
3RQVKZ7ZRKJBXQI5VA8SQV9EXQS72Z	AEZAKCWE99YVJ	en	pl	ad	trans.pl	255	system	111	-1.58159390363911	3154
3RQVKZ7ZRKJBXQI5VA8SQV9EXQS72Z	AEZAKCWE99YVJ	en	pl	ad	trans.pl	121	system	53	1.55732392046306	3154
3RQVKZ7ZRKJBXQI5VA8SQV9EXQS72Z	AEZAKCWE99YVJ	en	pl	ad	trans.pl	36	system	38	-0.837314419573644	3154
3RQVKZ7ZRKJBXQI5VA8SQV9EXQS72Z	AEZAKCWE99YVJ	en	pl	ad	trans.pl	12	ref	124	1.65440385316725	3154
3RQVKZ7ZRKJBXQI5VA8SQV9EXQS72Z	AEZAKCWE99YVJ	en	pl	ad	trans.pl	345	cal	128	-0.837314419573644	3154
3RQVKZ7ZRKJBXQI5VA8SQV9EXQS72Z	AEZAKCWE99YVJ	en	pl	ad	trans.pl	16	system	107	-1.58159390363911	3154
3RQVKZ7ZRKJBXQI5VA8SQV9EXQS72Z	AEZAKCWE99YVJ	en	pl	ad	trans.pl	454	repeat	217	-0.740234486869454	3154
3RQVKZ7ZRKJBXQI5VA8SQV9EXQS72Z	AEZAKCWE99YVJ	en	pl	ad	trans.pl	684	system	182	0.84540441396566	3154
3RQVKZ7ZRKJBXQI5VA8SQV9EXQS72Z	AEZAKCWE99YVJ	en	pl	ad	trans.pl	298	system	92	0.165844885036326	3154
3RQVKZ7ZRKJBXQI5VA8SQV9EXQS72Z	AEZAKCWE99YVJ	en	pl	ad	trans.pl	43	repeat	230	1.58968389803112	3154
3RQVKZ7ZRKJBXQI5VA8SQV9EXQS72Z	AEZAKCWE99YVJ	en	pl	ad	trans.pl	102	system	209	0.877764391533724	3154
3RQVKZ7ZRKJBXQI5VA8SQV9EXQS72Z	AEZAKCWE99YVJ	en	pl	ad	trans.pl	316	system	139	-0.384274733620755	3154
3RQVKZ7ZRKJBXQI5VA8SQV9EXQS72Z	AEZAKCWE99YVJ	en	pl	ad	trans.pl	174	system	222	-0.416634711188818	3154
3RQVKZ7ZRKJBXQI5VA8SQV9EXQS72Z	AEZAKCWE99YVJ	en	pl	ad	trans.pl	509	system	347	0.101124929900199	3154
3RQVKZ7ZRKJBXQI5VA8SQV9EXQS72Z	AEZAKCWE99YVJ	en	pl	ad	trans.pl	506	cal	278	-0.902034374709771	3154
3RQVKZ7ZRKJBXQI5VA8SQV9EXQS72Z	AEZAKCWE99YVJ	en	pl	ad	trans.pl	510	system	253	-0.804954442005581	3154
3RQVKZ7ZRKJBXQI5VA8SQV9EXQS72Z	AEZAKCWE99YVJ	en	pl	ad	trans.pl	547	ref	166	1.65440385316725	3154
3RQVKZ7ZRKJBXQI5VA8SQV9EXQS72Z	AEZAKCWE99YVJ	en	pl	ad	trans.pl	63	system	88	0.198204862604389	3154
3RQVKZ7ZRKJBXQI5VA8SQV9EXQS72Z	AEZAKCWE99YVJ	en	pl	ad	trans.pl	607	system	340	0.262924817740516	3154
3RQVKZ7ZRKJBXQI5VA8SQV9EXQS72Z	AEZAKCWE99YVJ	en	pl	ad	trans.pl	21	system	36	0.910124369101787	3154
3RQVKZ7ZRKJBXQI5VA8SQV9EXQS72Z	AEZAKCWE99YVJ	en	pl	ad	trans.pl	224	repeat	186	0.84540441396566	3154
3RQVKZ7ZRKJBXQI5VA8SQV9EXQS72Z	AEZAKCWE99YVJ	en	pl	ad	trans.pl	512	system	163	0.813044436397597	3154
3RQVKZ7ZRKJBXQI5VA8SQV9EXQS72Z	AEZAKCWE99YVJ	en	pl	ad	trans.pl	568	cal	100	-1.51687394850298	3154
3RQVKZ7ZRKJBXQI5VA8SQV9EXQS72Z	AEZAKCWE99YVJ	en	pl	ad	trans.pl	136	system	323	0.651244548557279	3154
3RQVKZ7ZRKJBXQI5VA8SQV9EXQS72Z	AEZAKCWE99YVJ	en	pl	ad	trans.pl	541	system	190	-0.804954442005581	3154
3RQVKZ7ZRKJBXQI5VA8SQV9EXQS72Z	AEZAKCWE99YVJ	en	pl	ad	trans.pl	250	system	89	-0.222474845780437	3154
3RQVKZ7ZRKJBXQI5VA8SQV9EXQS72Z	AEZAKCWE99YVJ	en	pl	ad	trans.pl	455	ref	152	1.65440385316725	3154
3RQVKZ7ZRKJBXQI5VA8SQV9EXQS72Z	AEZAKCWE99YVJ	en	pl	ad	trans.pl	287	system	162	0.780684458829533	3154
3RQVKZ7ZRKJBXQI5VA8SQV9EXQS72Z	AEZAKCWE99YVJ	en	pl	ad	trans.pl	496	system	318	-0.222474845780437	3154
3RQVKZ7ZRKJBXQI5VA8SQV9EXQS72Z	AEZAKCWE99YVJ	en	pl	ad	trans.pl	640	system	282	-0.513714643893009	3154
3RQVKZ7ZRKJBXQI5VA8SQV9EXQS72Z	AEZAKCWE99YVJ	en	pl	ad	trans.pl	586	system	286	0.780684458829533	3154
3RQVKZ7ZRKJBXQI5VA8SQV9EXQS72Z	AEZAKCWE99YVJ	en	pl	ad	trans.pl	695	system	106	-1.48451397093492	3154
3RQVKZ7ZRKJBXQI5VA8SQV9EXQS72Z	AEZAKCWE99YVJ	en	pl	ad	trans.pl	219	system	220	0.780684458829533	3154
3RQVKZ7ZRKJBXQI5VA8SQV9EXQS72Z	AEZAKCWE99YVJ	en	pl	ad	trans.pl	372	system	144	1.65440385316725	3154
3RQVKZ7ZRKJBXQI5VA8SQV9EXQS72Z	AEZAKCWE99YVJ	en	pl	ad	trans.pl	238	system	174	0.910124369101787	3154
3RQVKZ7ZRKJBXQI5VA8SQV9EXQS72Z	AEZAKCWE99YVJ	en	pl	ad	trans.pl	145	ref	56	1.65440385316725	3154
3RQVKZ7ZRKJBXQI5VA8SQV9EXQS72Z	AEZAKCWE99YVJ	en	pl	ad	trans.pl	323	cal	176	-0.869674397141708	3154
3RQVKZ7ZRKJBXQI5VA8SQV9EXQS72Z	AEZAKCWE99YVJ	en	pl	ad	trans.pl	349	repeat	117	-0.481354666324945	3154
3RQVKZ7ZRKJBXQI5VA8SQV9EXQS72Z	AEZAKCWE99YVJ	en	pl	ad	trans.pl	410	system	28	0.101124929900199	3154
3RQVKZ7ZRKJBXQI5VA8SQV9EXQS72Z	AEZAKCWE99YVJ	en	pl	ad	trans.pl	186	system	243	-0.804954442005581	3154
3RQVKZ7ZRKJBXQI5VA8SQV9EXQS72Z	AEZAKCWE99YVJ	en	pl	ad	trans.pl	6	system	98	-0.804954442005581	3154
3RQVKZ7ZRKJBXQI5VA8SQV9EXQS72Z	AEZAKCWE99YVJ	en	pl	ad	trans.pl	523	system	268	0.877764391533724	3154
3RQVKZ7ZRKJBXQI5VA8SQV9EXQS72Z	AEZAKCWE99YVJ	en	pl	ad	trans.pl	537	system	108	0.198204862604389	3154
3RQVKZ7ZRKJBXQI5VA8SQV9EXQS72Z	AEZAKCWE99YVJ	en	pl	ad	trans.pl	584	cal	208	-1.58159390363911	3154
3RQVKZ7ZRKJBXQI5VA8SQV9EXQS72Z	AEZAKCWE99YVJ	en	pl	ad	trans.pl	608	system	131	-0.578434599029136	3154
3RQVKZ7ZRKJBXQI5VA8SQV9EXQS72Z	AEZAKCWE99YVJ	en	pl	ad	trans.pl	459	repeat	342	-0.70787450930139	3154
3RQVKZ7ZRKJBXQI5VA8SQV9EXQS72Z	AEZAKCWE99YVJ	en	pl	ad	trans.pl	551	system	175	0.74832448126147	3154
3RQVKZ7ZRKJBXQI5VA8SQV9EXQS72Z	AEZAKCWE99YVJ	en	pl	ad	trans.pl	399	ref	314	1.65440385316725	3154
3RQVKZ7ZRKJBXQI5VA8SQV9EXQS72Z	AEZAKCWE99YVJ	en	pl	ad	trans.pl	261	system	234	0.457084683148898	3154
3RQVKZ7ZRKJBXQI5VA8SQV9EXQS72Z	AEZAKCWE99YVJ	en	pl	ad	trans.pl	679	system	58	-0.837314419573644	3154
3RQVKZ7ZRKJBXQI5VA8SQV9EXQS72Z	AEZAKCWE99YVJ	en	pl	ad	trans.pl	317	system	277	0.84540441396566	3154
3RQVKZ7ZRKJBXQI5VA8SQV9EXQS72Z	AEZAKCWE99YVJ	en	pl	ad	trans.pl	290	system	241	-0.837314419573644	3154
3RQVKZ7ZRKJBXQI5VA8SQV9EXQS72Z	AEZAKCWE99YVJ	en	pl	ad	trans.pl	350	ref	285	1.65440385316725	3154
3RQVKZ7ZRKJBXQI5VA8SQV9EXQS72Z	AEZAKCWE99YVJ	en	pl	ad	trans.pl	595	repeat	251	-0.70787450930139	3154
3RQVKZ7ZRKJBXQI5VA8SQV9EXQS72Z	AEZAKCWE99YVJ	en	pl	ad	trans.pl	585	system	242	0.554164615853088	3154
3RQVKZ7ZRKJBXQI5VA8SQV9EXQS72Z	AEZAKCWE99YVJ	en	pl	ad	trans.pl	48	system	293	0.84540441396566	3154
3RQVKZ7ZRKJBXQI5VA8SQV9EXQS72Z	AEZAKCWE99YVJ	en	pl	ad	trans.pl	698	system	134	0.74832448126147	3154
3RQVKZ7ZRKJBXQI5VA8SQV9EXQS72Z	AEZAKCWE99YVJ	en	pl	ad	trans.pl	146	system	138	-0.481354666324945	3154
3RQVKZ7ZRKJBXQI5VA8SQV9EXQS72Z	AEZAKCWE99YVJ	en	pl	ad	trans.pl	407	cal	179	-1.58159390363911	3154
3RQVKZ7ZRKJBXQI5VA8SQV9EXQS72Z	AEZAKCWE99YVJ	en	pl	ad	trans.pl	665	system	258	0.133484907468262	3154
3RQVKZ7ZRKJBXQI5VA8SQV9EXQS72Z	AEZAKCWE99YVJ	en	pl	ad	trans.pl	599	system	78	-0.287194800916564	3154
3RQVKZ7ZRKJBXQI5VA8SQV9EXQS72Z	AEZAKCWE99YVJ	en	pl	ad	trans.pl	567	system	184	0.101124929900199	3154
3RQVKZ7ZRKJBXQI5VA8SQV9EXQS72Z	AEZAKCWE99YVJ	en	pl	ad	trans.pl	356	repeat	59	-0.610794576597199	3154
3RQVKZ7ZRKJBXQI5VA8SQV9EXQS72Z	AEZAKCWE99YVJ	en	pl	ad	trans.pl	540	system	248	-0.804954442005581	3154
3RQVKZ7ZRKJBXQI5VA8SQV9EXQS72Z	AEZAKCWE99YVJ	en	pl	ad	trans.pl	604	system	271	-0.643154554165263	3154
3RQVKZ7ZRKJBXQI5VA8SQV9EXQS72Z	AEZAKCWE99YVJ	en	pl	ad	trans.pl	593	system	307	-0.610794576597199	3154
3RQVKZ7ZRKJBXQI5VA8SQV9EXQS72Z	AEZAKCWE99YVJ	en	pl	ad	trans.pl	598	cal	115	-1.54923392607104	3154
3RQVKZ7ZRKJBXQI5VA8SQV9EXQS72Z	AEZAKCWE99YVJ	en	pl	ad	trans.pl	467	ref	75	1.65440385316725	3154
3RQVKZ7ZRKJBXQI5VA8SQV9EXQS72Z	AEZAKCWE99YVJ	en	pl	ad	trans.pl	482	system	20	-0.610794576597199	3154
